date,overall_sentiment_score,ticker_sentiment_score,ticker,open,high,low,close,adjusted_close,volume,dividend_amount,split_coefficient,price_movement,overall_sentiment_score_3d_avg,ticker_sentiment_score_3d_avg,overall_sentiment_trend,ticker_sentiment_trend
2022-10-28,0.1391005,0.080094,AAPL,148.2,157.5,147.82,155.74,154.037543154875,164762371,0.0,1.0,0,0.0,0.0,0.0,0.0
2022-10-31,0.1160928474576271,0.0850409322033898,AAPL,153.155,154.24,151.92,153.34,151.663778524261,97943171,0.0,1.0,0,0.0,0.0,0.0,0.0
2022-11-01,0.0383607307692307,-0.0004731153846153,AAPL,155.08,155.45,149.13,150.65,149.003184000782,80379345,0.0,1.0,0,0.0978513594089526,0.054887272272924836,-0.059490628639721904,-0.05536038765754014
2022-11-02,0.0471844666666666,0.0787664333333333,AAPL,148.945,152.17,145.0,145.03,143.444618490763,93604623,0.0,1.0,0,0.0672126816311748,0.0544447500507026,-0.020028214964508205,0.0243216832826307
2022-11-03,0.0591466176470588,0.0909541176470588,AAPL,142.06,142.8,138.75,138.88,137.361846624817,97918516,0.0,1.0,0,0.04823060502765203,0.05641581186525894,0.010916012619406772,0.03453830578179986
2022-11-04,0.0786778888888888,0.0328778333333333,AAPL,142.09,142.67,134.38,138.38,137.094798103873,140814796,0.23,1.0,1,0.061669657734204734,0.0675327947712418,0.017008231154684063,-0.0346549614379085
2022-11-07,0.0335287358490566,0.0117338679245283,AAPL,137.11,139.145,135.671,138.92,137.629782863058,83374628,0.0,1.0,1,0.05711774746166807,0.04518860630164013,-0.02358901161261147,-0.033454738377111826
2022-11-08,0.0878307037037037,0.0217375185185185,AAPL,140.41,141.43,137.49,139.5,138.204396122924,89908477,0.0,1.0,0,0.0666791094805497,0.0221164065921267,0.021151594223154005,-0.00037888807360820023
2022-11-09,0.0702738372093023,0.0350155813953488,AAPL,138.5,138.55,134.5933,134.87,133.617397169167,74917794,0.0,1.0,1,0.06387775892068753,0.0228289892794652,0.0063960782886147705,0.012186592115883601
2022-11-10,0.0579927021276595,0.0489356382978723,AAPL,141.24,146.87,139.5,146.87,145.50594737329,118854028,0.0,1.0,1,0.0720324143468885,0.0352295794039132,-0.014039712219228992,0.013706058893959101
2022-11-11,0.0763817894736842,0.0908097105263158,AAPL,145.82,150.01,144.37,149.7,148.309663796429,93979665,0.0,1.0,0,0.06821610960354867,0.0582536434065123,0.008165679870135528,0.0325560671198035
2022-11-14,0.0776636756756756,0.0736948378378378,AAPL,148.97,150.28,147.43,148.28,146.902852022274,73374114,0.0,1.0,1,0.07067938909233977,0.07114672888734197,0.00698428658333583,0.002548108950495828
2022-11-15,0.1168392307692307,0.0722328846153846,AAPL,152.215,153.59,148.5613,150.04,148.646506052212,89868332,0.0,1.0,0,0.09029489863953016,0.07891247765984606,0.026544332129700532,-0.00667959304446146
2022-11-16,0.1313903947368421,0.1188990263157894,AAPL,149.13,149.87,147.29,148.79,147.408115405949,64218266,0.0,1.0,1,0.10863110039391614,0.08827558292300393,0.022759294342925965,0.03062344339278547
2022-11-17,0.1071220689655172,0.0811796206896551,AAPL,146.43,151.48,146.15,150.72,149.320190563779,80389400,0.0,1.0,1,0.11845056482386333,0.09077051054027636,-0.011328495858346138,-0.00959088985062126
2022-11-18,0.14370216,0.08101676,AAPL,152.305,152.7,149.97,151.29,149.884896698475,74829573,0.0,1.0,0,0.1274048745674531,0.09369846900181483,0.016297285432546882,-0.01268170900181484
2022-11-21,0.0929426,0.1216981142857142,AAPL,150.16,150.37,147.715,148.01,146.635359642681,58724070,0.0,1.0,1,0.11458894298850573,0.09463149832512309,-0.021646342988505735,0.02706661596059111
2022-11-22,0.1597799642857142,0.1665918214285714,AAPL,148.13,150.42,146.925,150.18,148.785205804593,51804132,0.0,1.0,1,0.13214157476190475,0.12310223190476187,0.027638389523809453,0.04348958952380953
2022-11-23,0.0650326363636363,0.0719584242424242,AAPL,149.45,151.83,149.34,151.07,149.666939944733,58301395,0.0,1.0,0,0.10591840021645017,0.12008278665223661,-0.04088576385281387,-0.04812436240981241
2022-11-25,0.0689049393939394,0.0487462121212121,AAPL,148.305,148.88,147.12,148.11,146.734430894382,35195860,0.0,1.0,0,0.09790584668109664,0.09576548593073592,-0.02900090728715725,-0.047019273809523816
2022-11-28,0.0088170757575757,-0.003703,AAPL,145.14,146.64,143.38,144.22,142.880559203213,69346522,0.0,1.0,0,0.0475848838383838,0.039000545454545434,-0.0387678080808081,-0.04270354545454543
2022-11-29,0.0589073260869565,0.0492245217391304,AAPL,144.29,144.81,140.355,141.17,139.858886026331,83763803,0.0,1.0,1,0.045543113746157195,0.0314225779534475,0.013364212340799306,0.0178019437856829
2022-11-30,0.07449925,0.0509516818181818,AAPL,141.395,148.72,140.55,148.03,146.655173893021,111380880,0.0,1.0,1,0.0474078839481774,0.032157734519104066,0.0270913660518226,0.018793947299077733
2022-12-01,0.0364532954545454,-0.0013114318181818,AAPL,148.21,149.13,146.61,148.31,146.932573397784,71250416,0.0,1.0,0,0.056619957180500634,0.032954923913043464,-0.020166661725955236,-0.034266355731225266
2022-12-02,0.1283051515151515,0.1225926363636363,AAPL,145.96,148.0,145.65,147.81,146.437217139279,65447446,0.0,1.0,0,0.07975256565656563,0.057410962121212106,0.04855258585858588,0.0651816742424242
2022-12-05,0.0959850833333333,0.0626036111111111,AAPL,147.77,150.9199,145.77,146.63,145.268176369207,68826442,0.0,1.0,0,0.08691451010101008,0.06129493855218854,0.009070573232323229,0.0013086725589225578
2022-12-06,0.0773611041666666,0.0323991458333333,AAPL,147.075,147.3,141.92,142.91,141.582725805929,64727186,0.0,1.0,0,0.1005504463383838,0.07253179776936024,-0.023189342171717198,-0.040132651936026935
2022-12-07,0.0703559333333333,0.0441765555555555,AAPL,142.19,143.37,140.0,140.94,139.631022147419,69721094,0.0,1.0,1,0.08123404027777774,0.046393104166666636,-0.010878106944444438,-0.0022165486111111396
2022-12-08,0.070024775,0.038301425,AAPL,142.36,143.52,141.1,142.65,141.325140551507,62128338,0.0,1.0,0,0.07258060416666663,0.038292375462962935,-0.0025558291666666344,9.049537037064681e-06
2022-12-09,0.1164016818181818,0.0843175454545454,AAPL,142.34,145.57,140.9,142.16,140.839691418172,76097011,0.0,1.0,1,0.08559413005050505,0.05559850867003363,0.030807551767676758,0.028719036784511764
2022-12-12,0.11504564,0.11268604,AAPL,142.7,144.5,141.06,144.49,143.148051582805,70462654,0.0,1.0,1,0.10049069893939394,0.07843500348484846,0.014554941060606064,0.034251036515151545
2022-12-13,0.1272036896551724,0.068405724137931,AAPL,149.5,149.9692,144.24,145.47,144.118949849475,93886161,0.0,1.0,0,0.11955033715778475,0.08846976986415879,0.007653352497387647,-0.02006404572622779
2022-12-14,0.12145,0.1775872857142857,AAPL,145.35,146.655,141.16,143.21,141.879939561032,82291182,0.0,1.0,0,0.12123310988505748,0.11955968328407224,0.00021689011494252508,0.05802760243021346
2022-12-15,0.0810014615384615,0.0732597307692307,AAPL,141.11,141.8,136.025,136.5,135.232258571894,98931907,0.0,1.0,0,0.10988505039787798,0.10641758020714914,-0.028883588859416484,-0.03315784943791844
2022-12-16,0.0636614799999999,-0.00681348,AAPL,136.685,137.65,133.73,134.51,133.260740663043,160156900,0.0,1.0,0,0.0887043138461538,0.08134451216117214,-0.02504283384615391,-0.08815799216117214
2022-12-19,0.0603757777777777,0.0024029629629629,AAPL,135.11,135.2,131.32,132.37,131.140615876642,79592614,0.0,1.0,0,0.06834623977207972,0.0229497379107312,-0.00797046199430202,-0.020546774947768298
2022-12-20,0.0665076428571428,0.0153410357142857,AAPL,131.39,133.25,129.89,132.3,131.071266000451,77432819,0.0,1.0,1,0.06351496687830682,0.003643506225749533,0.0029926759788359847,0.011697529488536166
2022-12-21,0.1455551034482758,0.1522729310344827,AAPL,132.98,136.81,132.75,135.45,134.192010429033,85927993,0.0,1.0,0,0.09081284136106545,0.05667230990391043,0.05474226208721035,0.09560062113057227
2022-12-22,0.0830553076923076,0.0381247692307692,AAPL,134.352,134.56,130.3,132.23,131.00191612426,77852108,0.0,1.0,0,0.09837268466590876,0.06857957865984586,-0.015317376973601166,-0.030454809429076662
2022-12-23,0.1089899090909091,0.1305494090909091,AAPL,130.92,132.415,129.64,131.86,130.635352492966,63814893,0.0,1.0,0,0.11253344007716419,0.106982369785387,-0.0035435309862550946,0.02356703930552209
2022-12-27,0.1097138648648648,0.0948753783783783,AAPL,131.38,131.41,128.72,130.03,128.822348586838,69007830,0.0,1.0,0,0.1005863605493605,0.08784985223335219,0.009127504315504298,0.007025526145026106
2022-12-28,0.0716188979591836,0.0213915714285714,AAPL,129.67,131.0275,125.87,126.04,124.869405643967,85438391,0.0,1.0,1,0.09677422397165251,0.0822721196326196,-0.02515532601246892,-0.0608805482040482
2022-12-29,0.0467747567567567,0.0492327567567567,AAPL,127.99,130.4814,127.73,129.61,128.406249329693,75703710,0.0,1.0,1,0.07603583986026838,0.0551665688545688,-0.02926108310351168,-0.005933812097812095
2022-12-30,0.1004227741935483,0.102041129032258,AAPL,128.41,129.95,127.43,129.93,128.723277335137,77034209,0.0,1.0,0,0.07293880963649622,0.05755515240586203,0.02748396455705207,0.044485976626395966
2023-01-03,0.0854155625,0.023432375,AAPL,130.28,130.9,124.17,125.07,123.908414502467,112117471,0.0,1.0,1,0.07753769781676835,0.0582354202630049,0.00787786468323165,-0.0348030452630049
2023-01-04,0.0377286,0.0120104909090909,AAPL,126.89,128.6557,125.08,126.36,125.18643364941,89113633,0.0,1.0,0,0.07452231223118279,0.04582799831378296,-0.03679371223118279,-0.03381750740469206
2023-01-05,0.05661903125,0.011329375,AAPL,127.13,127.77,124.76,125.02,123.858878876617,80962708,0.0,1.0,1,0.05992106458333335,0.015590746969696966,-0.00330203333333335,-0.004261371969696967
2023-01-06,0.13683475,0.1136791944444444,AAPL,126.01,130.29,124.89,129.62,128.416156454864,87754715,0.0,1.0,1,0.07706079375000002,0.045673020117845096,0.05977395624999998,0.0680061743265993
2023-01-09,0.1207083714285714,0.0692364857142857,AAPL,130.465,133.41,129.89,130.15,128.941234088879,70790813,0.0,1.0,1,0.10472071755952382,0.0647483517195767,0.015987653869047574,0.004488133994709001
2023-01-10,0.1171106976744186,0.0890563255813953,AAPL,130.26,131.2636,128.12,130.73,129.515847348745,63896155,0.0,1.0,1,0.12488460636766335,0.09065733524670845,-0.007773908693244749,-0.0016010096653131523
2023-01-11,0.0933910652173913,0.027186304347826,AAPL,131.25,133.51,130.46,133.49,132.250213895693,69458949,0.0,1.0,0,0.11040337810679379,0.061826371881169,-0.017012312889402498,-0.034640067533343
2023-01-12,0.0924599677419354,0.1248456129032258,AAPL,133.88,134.26,131.44,133.41,132.170956894332,71379648,0.0,1.0,1,0.10098724354458179,0.0803627476108157,-0.00852727580264638,0.04448286529241009
2023-01-13,0.14056209375,0.10364921875,AAPL,132.03,134.92,131.66,134.76,133.508418792296,57809719,0.0,1.0,1,0.10880437556977558,0.08522704533368393,0.03175771818022442,0.018422173416316065
2023-01-17,0.16243953125,0.15731965625,AAPL,134.83,137.29,134.13,135.94,134.677459562368,63646627,0.0,1.0,0,0.1318205309139785,0.12860482930107528,0.030619000336021496,0.028714826948924715
2023-01-18,0.1243560888888888,0.1439027555555555,AAPL,136.815,138.61,135.03,135.21,133.954239424951,69672800,0.0,1.0,1,0.14245257129629627,0.13495721018518517,-0.018096482407407466,0.008945545370370345
2023-01-19,0.1272679615384615,0.1182465769230769,AAPL,134.08,136.25,133.77,135.27,134.013682175971,58280413,0.0,1.0,1,0.13802119389245013,0.13982299624287747,-0.010753232353988618,-0.021576419319800574
2023-01-20,0.1496748181818182,0.0974520303030303,AAPL,135.28,138.02,134.22,137.87,136.589534720198,80223626,0.0,1.0,1,0.1337662895363895,0.11986712092722089,0.015908528645428688,-0.022415090624190587
2023-01-23,0.1320961489361702,0.0924302553191489,AAPL,138.12,143.315,137.9,141.11,139.799443275311,81760313,0.0,1.0,1,0.13634630955215,0.10270962084841871,-0.004250160615979798,-0.010279365529269807
2023-01-24,0.1306782325581395,0.1317392558139535,AAPL,140.305,143.16,140.3,142.53,141.206255049465,66435142,0.0,1.0,0,0.13748306655870932,0.1072071804787109,-0.006804834000569804,0.024532075335242584
2023-01-25,0.1585559523809523,0.1337321904761904,AAPL,140.89,142.43,138.81,141.86,140.542477663068,65799349,0.0,1.0,1,0.14044344462508737,0.1193005672030976,0.018112507755864926,0.014431623273092789
2023-01-26,0.1686191481481481,0.1013483703703703,AAPL,143.17,144.25,141.9,143.96,142.62297394879,54105068,0.0,1.0,1,0.15261777769574666,0.12227327222017138,0.016001370452401437,-0.020924901849801086
2023-01-27,0.1143797142857142,0.0743623214285714,AAPL,143.155,147.23,143.08,145.93,144.5746776073,70555843,0.0,1.0,0,0.14718493827160486,0.10314762742504402,-0.03280522398589067,-0.028785305996472624
2023-01-30,0.0729078222222222,0.0661726888888888,AAPL,144.955,145.55,142.85,143.0,141.67188993246,64015274,0.0,1.0,1,0.11863556155202819,0.08062779356261016,-0.04572773932980599,-0.014455104673721353
2023-01-31,0.100128075,0.0583268999999999,AAPL,142.7,144.34,142.28,144.29,142.949909079403,65874459,0.0,1.0,1,0.0958052038359788,0.06628730343915336,0.004322871164021191,-0.007960403439153461
2023-02-01,0.1182227142857142,0.0605953333333333,AAPL,143.97,146.61,141.32,145.43,144.079321348795,77663633,0.0,1.0,1,0.09708620383597881,0.06169830740740732,0.021136510449735385,-0.0011029740740740174
2023-02-02,0.0601410851063829,0.0640077659574468,AAPL,148.9,151.18,148.17,150.82,149.41926181548,118338980,0.0,1.0,1,0.09283062479736572,0.060976666430259986,-0.032689539690982816,0.0030310995271868105
2023-02-03,0.0814351904761904,0.0479001746031746,AAPL,148.03,157.38,147.83,154.5,153.065083878078,154357337,0.0,1.0,0,0.08659966328942918,0.057501091297984884,-0.005164472813238785,-0.009600916694810287
2023-02-06,0.1328029393939394,0.0743031212121212,AAPL,152.575,153.1,150.78,151.73,150.320810205959,69858306,0.0,1.0,1,0.09145973832550425,0.062070353924247514,0.04134320106843514,0.012232767287873682
2023-02-07,0.0989236097560975,0.0353936341463414,AAPL,150.64,155.23,150.64,154.65,153.213690755629,83322551,0.0,1.0,0,0.10438724654207578,0.05253230998721239,-0.005463636785978276,-0.01713867584087099
2023-02-08,0.1360196874999999,0.10592971875,AAPL,153.88,154.58,151.168,151.92,150.509045584191,64120079,0.0,1.0,0,0.12258207888334562,0.07187549136948752,0.013437608616654287,0.034054227380512475
2023-02-09,0.1284716111111111,0.0405373333333333,AAPL,153.775,154.33,150.42,150.87,149.468797441331,56007143,0.0,1.0,1,0.12113830278906952,0.060620228743224897,0.0073333083220415846,-0.020082895409891596
2023-02-10,0.1509678,0.1016532666666666,AAPL,149.46,151.3401,149.22,151.01,149.835361072624,57450708,0.23,1.0,1,0.1384863662037037,0.08270677291666663,0.01248143379629632,0.018946493749999974
2023-02-13,0.1778107083333333,0.1778245833333333,AAPL,150.952,154.26,150.92,153.85,152.653269988896,62199013,0.0,1.0,0,0.1524167064814815,0.10667172777777774,0.025394001851851783,0.07115285555555557
2023-02-14,0.1147947333333333,0.0886150666666666,AAPL,152.12,153.77,150.86,153.2,152.008326046792,61707573,0.0,1.0,1,0.14785774722222222,0.12269763888888884,-0.03306301388888892,-0.03408257222222223
2023-02-15,0.1430384090909091,0.1816746818181818,AAPL,153.11,155.5,152.88,155.33,154.121757733996,65669252,0.0,1.0,0,0.14521461691919194,0.14937144393939392,-0.0021762078282828445,0.03230323787878789
2023-02-16,0.10522256,0.07364988,AAPL,153.51,156.33,153.3475,153.71,152.514358985982,68167942,0.0,1.0,0,0.1210185674747475,0.1146465428282828,-0.015796007474747492,-0.04099666282828279
2023-02-17,0.1502296875,0.13186225,AAPL,152.35,153.0,150.85,152.55,151.363382104687,59144118,0.0,1.0,0,0.13283021886363638,0.12906227060606057,0.017399468636363602,0.002799979393939417
2023-02-21,0.146780947368421,0.0573088421052631,AAPL,150.2,151.3,148.405,148.48,147.325040805664,58867230,0.0,1.0,1,0.13407773162280703,0.08760699070175436,0.012703215745613977,-0.030298148596491256
2023-02-22,0.1002658421052631,0.0331790526315789,AAPL,148.87,149.95,147.16,148.91,147.751696028902,51011305,0.0,1.0,1,0.13242549232456138,0.07411671491228065,-0.032159650219298286,-0.04093766228070175
2023-02-23,0.1372748095238095,0.1294216666666666,AAPL,150.09,150.34,147.24,149.4,148.237884539104,48394249,0.0,1.0,0,0.1281071996658312,0.07330318713450286,0.009167609857978293,0.05611847953216374
2023-02-24,0.1184359523809523,0.0207093333333333,AAPL,147.11,147.19,145.7202,146.71,145.56880884024,55469606,0.0,1.0,1,0.11865886800334165,0.06110335087719292,-0.00022291562238935247,-0.04039401754385963
2023-02-27,0.1595901333333333,0.1435420333333333,AAPL,147.71,149.17,147.45,147.92,146.769396794004,44998470,0.0,1.0,0,0.1384336317460317,0.09789101111111105,0.02115650158730159,0.04565102222222224
2023-02-28,0.109629064516129,0.0647892258064516,AAPL,147.05,149.08,146.83,147.41,146.263363854815,50546998,0.0,1.0,0,0.12921838341013822,0.07634686415770604,-0.019589318894009222,-0.011557638351254437
2023-03-01,0.1007782399999999,0.07451008,AAPL,146.83,147.2285,145.01,145.31,144.179698811092,55478991,0.0,1.0,1,0.12333247928315406,0.09428044637992827,-0.02255423928315417,-0.019770366379928267
2023-03-02,0.1215353333333333,0.0983430833333333,AAPL,144.38,146.71,143.9,145.91,144.775031680727,52279761,0.0,1.0,1,0.11064754594982075,0.07921412971326162,0.010887787383512551,0.01912895362007168
2023-03-03,0.1137438529411764,0.0676027647058823,AAPL,148.045,151.11,147.33,151.03,149.855205501612,70732297,0.0,1.0,1,0.11201914209150321,0.08015197601307185,0.0017247108496731833,-0.012549211307189542
2023-03-06,0.1895367435897436,0.2111473846153846,AAPL,153.785,156.3,153.46,153.83,152.633425559909,87558028,0.0,1.0,0,0.1416053099547511,0.12569774421820004,0.0479314336349925,0.08544964039718456
2023-03-07,0.1450117333333333,0.1591109666666666,AAPL,153.7,154.0299,151.13,151.6,150.420771727765,56182028,0.0,1.0,1,0.1494307766214178,0.14595370532931115,-0.004419043288084484,0.013157261337355453
2023-03-08,0.1093058636363636,0.1151501818181818,AAPL,152.81,153.47,151.83,152.87,151.680892968493,47204791,0.0,1.0,0,0.14795144685314685,0.1618028443667443,-0.03864558321678324,-0.0466526625485625
2023-03-09,0.1386090303030303,0.1304208484848484,AAPL,153.559,154.535,150.225,150.59,149.41862806388,53833582,0.0,1.0,0,0.13097554242424242,0.13489399898989893,0.00763348787878787,-0.004473150505050538
2023-03-10,0.1064375,0.163966,AAPL,150.21,150.94,147.6096,148.5,147.344885234651,68572400,0.0,1.0,1,0.11811746464646465,0.13651234343434338,-0.011679964646464647,0.027453656565656626
2023-03-13,0.1543603333333333,0.1814638095238095,AAPL,147.805,153.14,147.7,150.47,149.299561489953,84457122,0.0,1.0,1,0.13313562121212122,0.15861688600288595,0.021224712121212075,0.022846923520923546
2023-03-14,0.1219795,0.1168285,AAPL,151.28,153.4,150.1,152.59,151.403070962663,73695893,0.0,1.0,1,0.12759244444444445,0.15408610317460317,-0.005612944444444448,-0.037257603174603166
2023-03-15,0.1518244,0.1596569,AAPL,151.19,153.245,149.92,152.99,151.79995954242,77167866,0.0,1.0,1,0.1427214111111111,0.15264973650793648,0.009102988888888885,0.007007163492063512
2023-03-16,0.0978118249999999,0.155786125,AAPL,152.16,156.46,151.64,155.85,154.63771288768,76254419,0.0,1.0,0,0.12387190833333334,0.14409050833333334,-0.026060083333333442,0.011695616666666658
2023-03-17,0.1708153684210526,0.1610884736842105,AAPL,156.08,156.74,154.28,155.0,153.794324655697,98944633,0.0,1.0,1,0.14015053114035086,0.15884383289473683,0.03066483728070174,0.002244640789473673
2023-03-20,0.1067784705882353,0.0789004117647058,AAPL,155.07,157.82,154.15,157.4,156.175656134237,73641415,0.0,1.0,1,0.12513522133642932,0.1319250034829721,-0.018356750748194026,-0.05302459171826629
2023-03-21,0.19148536,0.1792475599999999,AAPL,157.32,159.4,156.54,159.28,158.041032459093,73938285,0.0,1.0,0,0.156359733003096,0.1397454818163054,0.035125626996904,0.0395020781836945
2023-03-22,0.1582999565217391,0.1181762173913043,AAPL,159.3,162.14,157.81,157.83,156.602311357475,75701811,0.0,1.0,1,0.15218792903665815,0.12544139638533666,0.00611202748508094,-0.0072651789940323674
2023-03-23,0.1336618857142857,0.170658,AAPL,158.83,161.5501,157.68,158.93,157.693754951806,67622060,0.0,1.0,1,0.1611490674120083,0.15602725913043472,-0.0274871816977226,0.014630740869565284
2023-03-24,0.1655384333333333,0.1692391666666666,AAPL,158.86,160.34,157.85,160.25,159.003487265003,59256343,0.0,1.0,0,0.15250009185645272,0.15269112801932364,0.013038341476880572,0.016548038647342972
2023-03-27,0.1301253333333333,0.0676264444444444,AAPL,159.94,160.77,157.87,158.28,157.048811009701,52390266,0.0,1.0,0,0.1431085507936508,0.13584120370370367,-0.012983217460317525,-0.06821475925925927
2023-03-28,0.1187795277777777,0.0610110833333333,AAPL,157.97,158.49,155.98,157.65,156.423711496584,45992152,0.0,1.0,1,0.1381477648148148,0.09929223148148143,-0.019368237037037106,-0.038281148148148134
2023-03-29,0.1427928709677419,0.1029146451612903,AAPL,159.37,161.05,159.35,160.77,159.519442418686,51305691,0.0,1.0,1,0.130565910692951,0.077184057646356,0.012226960274790893,0.025730587514934303
2023-03-30,0.1238463870967741,0.1027976129032258,AAPL,161.53,162.47,161.271,162.36,161.097074523219,49501689,0.0,1.0,1,0.12847292861409795,0.08890778046594978,-0.004626541517323848,0.013889832437276012
2023-03-31,0.1637614827586206,0.1683516896551724,AAPL,162.44,165.0,161.91,164.9,163.617317004673,68749792,0.0,1.0,1,0.14346691360771224,0.12468798257322948,0.020294569150908354,0.04366370708194291
2023-04-03,0.1457270526315789,0.1546788157894736,AAPL,164.27,166.29,164.22,166.17,164.877438245401,56976187,0.0,1.0,0,0.14444497416232457,0.14194270611595725,0.001282078469254322,0.01273610967351635
2023-04-04,0.1296970967741935,0.0876080322580645,AAPL,166.595,166.84,165.11,165.63,164.341638662729,46278295,0.0,1.0,0,0.14639521072146436,0.13687951256757017,-0.01669811394727086,-0.049271480309505664
2023-04-05,0.1063998205128205,0.1100995128205128,AAPL,164.74,165.05,161.8,163.76,162.486184552367,51511744,0.0,1.0,1,0.127274656639531,0.11746212028935028,-0.020874836126710497,-0.00736260746883749
2023-04-06,0.0846855185185185,0.0456637777777777,AAPL,162.43,164.9584,162.0,164.66,163.379183856819,45390123,0.0,1.0,0,0.1069274786018442,0.08112377428545166,-0.022241960083325713,-0.03545999650767396
2023-04-10,0.0646887741935483,-0.0177399032258064,AAPL,161.42,162.03,160.08,162.03,160.76964144492,47716882,0.0,1.0,0,0.08525803774162914,0.046007795790828025,-0.020569263548080835,-0.06374769901663442
2023-04-11,0.1040952352941176,0.0739138529411764,AAPL,162.35,162.36,160.51,160.8,159.549209062168,47644217,0.0,1.0,0,0.08448984266872817,0.03394590916438256,0.019605392625389434,0.03996794377679384
2023-04-12,0.1258591739130434,0.1219442608695652,AAPL,161.22,162.06,159.78,160.1,158.854654047594,50133062,0.0,1.0,1,0.09821439446690312,0.05937273686164506,0.027644779446140286,0.06257152400792013
2023-04-13,0.0996142727272727,0.0840247878787878,AAPL,161.63,165.8,161.42,165.56,164.272183161272,68445649,0.0,1.0,0,0.10985622731147794,0.09329430056317646,-0.010241954584205237,-0.009269512684388664
2023-04-14,0.14752795,0.16536275,AAPL,164.59,166.32,163.82,165.21,163.924905653985,49386480,0.0,1.0,1,0.12433379888010539,0.123777266249451,0.023194151119894604,0.041585483750549004
2023-04-17,0.1327598536585365,0.1553211219512195,AAPL,165.09,165.39,164.03,165.23,163.944750082973,40713618,0.0,1.0,1,0.12663402546193644,0.13490288661000244,0.006125828196600042,0.02041823534121706
2023-04-18,0.1378697419354838,0.1611186451612903,AAPL,166.1,167.41,165.65,166.47,165.175104680218,49923008,0.0,1.0,1,0.13938584853134015,0.16060083903750325,-0.0015161065958563535,0.0005178061237870457
2023-04-19,0.1600762702702702,0.121954027027027,AAPL,165.8,168.16,165.54,167.63,166.326081561513,47720166,0.0,1.0,0,0.14356862195476353,0.14613126471317892,0.016507648315506662,-0.024177237686151917
2023-04-20,0.1065352413793103,0.0903365517241379,AAPL,166.09,167.87,165.56,166.65,165.353704541109,52456377,0.0,1.0,0,0.1348270845283548,0.12446974130415173,-0.028291843149044496,-0.03413318958001382
2023-04-21,0.138710625,0.1628842083333333,AAPL,165.05,166.4521,164.49,165.02,163.7363835786,58337341,0.0,1.0,1,0.13510737888319352,0.12505826236149942,0.0036032461168064855,0.03782594597183389
2023-04-24,0.1047101379310344,0.1033910689655172,AAPL,165.0,165.6,163.89,165.33,164.043972227912,41949581,0.0,1.0,0,0.1166520014367816,0.11887060967432946,-0.011941863505747205,-0.015479540708812259
2023-04-25,0.122816724137931,0.0903199655172413,AAPL,165.19,166.305,163.73,163.77,162.496106766861,48714063,0.0,1.0,0,0.12207916235632182,0.11886508093869726,0.0007375617816091778,-0.028545115421455963
2023-04-26,0.1662689545454545,0.1444076818181818,AAPL,163.055,165.28,162.8,163.76,162.486184552367,44105745,0.0,1.0,1,0.13126527220480666,0.1127062387669801,0.03500368234064785,0.031701443051201705
2023-04-27,0.1454321176470588,0.1246829999999999,AAPL,165.19,168.56,165.19,168.41,167.100014292038,64902329,0.0,1.0,1,0.14483926544348147,0.11980354911180768,0.0005928522035773265,0.004879450888192222
2023-04-28,0.1355134,0.0970804,AAPL,168.49,169.85,167.8801,169.68,168.360135532765,55275851,0.0,1.0,0,0.1490714907308378,0.12205702727272723,-0.013558090730837802,-0.02497662727272723
2023-05-01,0.0953580294117647,0.0889641764705882,AAPL,169.28,170.45,168.64,169.59,168.27083560232,52472936,0.0,1.0,0,0.12543451568627453,0.10357585882352938,-0.03007648627450983,-0.014611682352941177
2023-05-02,0.1417672666666666,0.1809511666666666,AAPL,170.09,170.35,167.54,168.54,167.229003080459,48425696,0.0,1.0,0,0.12421289869281045,0.12233191437908493,0.017554367973856164,0.05861925228758168
2023-05-03,0.0682280303030303,0.083322,AAPL,169.5,170.92,167.16,167.45,166.147481700622,65136018,0.0,1.0,0,0.10178444212715389,0.1177457810457516,-0.03355641182412358,-0.03442378104575161
2023-05-04,0.0436820566037735,0.048526,AAPL,164.89,167.04,164.31,165.79,164.500394094632,81235427,0.0,1.0,1,0.0845591178578235,0.10426638888888888,-0.040877061254049996,-0.05574038888888888
2023-05-05,0.1373441186440678,0.1722620847457627,AAPL,170.975,174.3,170.76,173.57,172.219876970899,113453171,0.0,1.0,0,0.0830847351836239,0.10137002824858758,0.054259383460443886,0.07089205649717513
2023-05-08,0.1094140571428571,0.1975646857142857,AAPL,172.48,173.85,172.11,173.5,172.150421469441,55962793,0.0,1.0,0,0.0968134107968995,0.13945092348668278,0.012600646345957603,0.05811376222760292
2023-05-09,0.1693702857142857,0.1371923214285714,AAPL,173.05,173.54,171.6,171.77,170.433878361994,45326874,0.0,1.0,1,0.1387094871670702,0.16900636396287327,0.030660798547215484,-0.03181404253430187
2023-05-10,0.1677542857142857,0.1005933333333333,AAPL,173.02,174.03,171.9,173.555,172.204993649158,53724501,0.0,1.0,1,0.14884620952380953,0.1451167801587301,0.01890807619047616,-0.044523446825396815
2023-05-11,0.1427331904761904,0.0984777142857143,AAPL,173.85,174.59,172.17,173.75,172.398476831789,49514676,0.0,1.0,0,0.1599525873015873,0.11208778968253967,-0.017219396825396888,-0.013610075396825377
2023-05-12,0.1178455454545454,0.091445909090909,AAPL,173.62,174.06,171.0,172.57,171.465788669361,45533138,0.24,1.0,0,0.14277767388167387,0.09683898556998553,-0.02493212842712847,-0.005393076479076539
2023-05-15,0.157997129032258,0.1032085483870967,AAPL,173.16,173.21,171.47,172.07,170.968987983641,37266659,0.0,1.0,0,0.13952528832099795,0.09771072392123999,0.01847184071126004,0.005497824465856713
2023-05-16,0.1339242857142857,0.1262634571428571,AAPL,171.99,173.1383,171.7991,172.07,170.968987983641,42110293,0.0,1.0,1,0.13658898673369638,0.10697263820695428,-0.002664701019410687,0.01929081893590283
2023-05-17,0.1443917826086956,0.1180709130434782,AAPL,171.71,172.925,170.4201,172.69,171.585020833934,57951604,0.0,1.0,1,0.14543773245174646,0.11584763952447734,-0.0010459498430508696,0.002223273519000868
2023-05-18,0.2135806363636363,0.1495799696969696,AAPL,173.0,175.24,172.58,175.05,173.929920070532,65496657,0.0,1.0,1,0.16396556822887257,0.13130477996110165,0.04961506813476374,0.018275189735867947
2023-05-19,0.1637082702702702,0.1246239189189189,AAPL,176.39,176.39,174.94,175.16,174.03921622139,55809475,0.0,1.0,0,0.17389356308086742,0.1307582672197889,-0.010185292810597213,-0.006134348300869993
2023-05-22,0.1342848965517241,0.0986449655172413,AAPL,173.98,174.71,173.45,174.2,173.085358904808,43570932,0.0,1.0,0,0.17052460106187692,0.12428295137770995,-0.03623970451015282,-0.025637985860468643
2023-05-23,0.1671182258064516,0.1496074838709677,AAPL,173.13,173.3794,171.275,171.56,170.462251284207,50747263,0.0,1.0,1,0.15503713087614868,0.12429212276904263,0.012081094930302932,0.025315361101925074
2023-05-24,0.16593252,0.15608344,AAPL,171.09,172.4183,170.52,171.84,170.74045966821,45143488,0.0,1.0,1,0.15577854745272526,0.13477862979606967,0.010153972547274737,0.021304810203930324
2023-05-25,0.1249509999999999,0.12710875,AAPL,172.41,173.895,171.69,172.99,171.883101245366,56058258,0.0,1.0,1,0.15266724860215053,0.1442665579569892,-0.027716248602150634,-0.017157807956989207
2023-05-26,0.1664483703703703,0.1474263703703703,AAPL,173.32,175.77,173.11,175.43,174.307488591679,54834975,0.0,1.0,1,0.1524439634567901,0.14353952012345675,0.014004406913580209,0.0038868502469135424
2023-05-30,0.1544061219512195,0.0901526585365853,AAPL,176.96,178.99,176.57,177.3,176.165523156271,55964401,0.0,1.0,0,0.14860183077386327,0.1215625929689852,0.00580429117735623,-0.031409934432399894
2023-05-31,0.1617092608695652,0.1126004347826087,AAPL,177.325,179.35,176.76,177.25,176.115843087699,99313268,0.0,1.0,1,0.1608545843970517,0.11672648789652144,0.0008546764725134992,-0.004126053113912745
2023-06-01,0.1735687142857143,0.1105068571428571,AAPL,177.7,180.12,176.9306,180.09,178.937670982588,68901809,0.0,1.0,1,0.16322803236883301,0.10441998348735038,0.010340681916881284,0.006086873655506725
2023-06-02,0.1390135526315789,0.1333267894736842,AAPL,181.03,181.78,179.26,180.95,179.792168162026,61996913,0.0,1.0,0,0.1580971759289528,0.11881136046638334,-0.019083623297373897,0.014515429007300865
2023-06-05,0.1730996981132075,0.1577046037735849,AAPL,182.63,184.951,178.035,179.58,178.430934283154,121946497,0.0,1.0,0,0.16189398834350027,0.1338460834633754,0.011205709769707223,0.02385852031020949
2023-06-06,0.1514521864406779,0.1751428305084746,AAPL,179.965,180.12,177.43,179.21,178.063301775721,64848374,0.0,1.0,0,0.1545218123951548,0.15539140791858122,-0.0030696259544769067,0.019751422589893375
2023-06-07,0.1907548222222222,0.1958652222222222,AAPL,178.44,181.21,177.32,177.82,176.68219586942,61944615,0.0,1.0,1,0.17176890225870256,0.1762375521680939,0.018985919963519643,0.0196276700541283
2023-06-08,0.1973231891891891,0.1696705135135135,AAPL,177.895,180.84,177.46,180.57,179.414599640879,50214881,0.0,1.0,1,0.1798433992840298,0.1802261887480701,0.017479789905159304,-0.010555675234556583
2023-06-09,0.1871839428571428,0.1660825428571428,AAPL,181.5,182.23,180.63,180.96,179.802104175741,48899973,0.0,1.0,1,0.19175398475618474,0.1772060928642928,-0.004570041899041949,-0.011123550007150013
2023-06-12,0.1850051153846154,0.1439201923076923,AAPL,181.27,183.89,180.97,183.79,182.613996056915,54754995,0.0,1.0,0,0.1898374158103158,0.15989108289278287,-0.004832300425700403,-0.015970890585090575
2023-06-13,0.1746942857142857,0.1750750857142857,AAPL,182.8,184.15,182.44,183.31,182.137067398624,54929129,0.0,1.0,1,0.182294447985348,0.1616926069597069,-0.007600162271062305,0.013382478754578792
2023-06-14,0.1763726666666666,0.1359828518518518,AAPL,183.37,184.39,182.02,183.95,182.772972276346,57462882,0.0,1.0,1,0.17869068925518924,0.15165937662460993,-0.00231802258852265,-0.015676524772758132
2023-06-15,0.2081188,0.19544092,AAPL,183.96,186.52,183.78,186.01,184.819791101511,65433166,0.0,1.0,0,0.1863952507936508,0.16883295252204586,0.021723549206349196,0.02660796747795413
2023-06-16,0.1621993333333333,0.1749713809523809,AAPL,186.73,186.99,184.27,184.92,183.736765606642,101256225,0.0,1.0,1,0.18223026666666664,0.16879838426807756,-0.020030933333333334,0.00617299668430335
2023-06-20,0.1628890714285714,0.1328654642857142,AAPL,184.41,186.1,184.41,185.01,183.826189730072,49799092,0.0,1.0,0,0.1777357349206349,0.16775925507936504,-0.014846663492063511,-0.03489379079365085
2023-06-21,0.15964552,0.15953808,AAPL,184.9,185.41,182.5901,183.96,182.78290829006,49515697,0.0,1.0,1,0.16157797492063494,0.1557916417460317,-0.0019324549206349295,0.0037464382539683094
2023-06-22,0.1616514047619047,0.1518018809523809,AAPL,183.74,187.045,183.67,187.0,185.803456459237,51245327,0.0,1.0,0,0.16139533206349208,0.14806847507936505,0.00025607269841262936,0.0037334058730158493
2023-06-23,0.1635474193548386,0.2150053870967742,AAPL,185.55,187.56,185.01,186.68,185.485504020376,53116996,0.0,1.0,0,0.1616147813722478,0.17544844934971837,0.0019326379825908013,0.03955693774705582
2023-06-26,0.153062129032258,0.1289895161290322,AAPL,186.83,188.05,185.23,185.27,184.084526086646,48088661,0.0,1.0,1,0.1594203177163338,0.16526559472606242,-0.006358188684075811,-0.03627607859703022
2023-06-27,0.1111552608695652,0.1038592173913043,AAPL,185.89,188.39,185.67,188.06,186.856673912963,50730846,0.0,1.0,1,0.14258826975222064,0.14928470687237022,-0.03143300888265543,-0.04542548948106592
2023-06-28,0.1686968,0.1681252666666667,AAPL,187.93,189.9,187.6,189.25,188.039059544976,51216801,0.0,1.0,1,0.14430472996727442,0.1336580000623344,0.024392070032725588,0.0344672666043323
2023-06-29,0.1435306875,0.1194435,AAPL,189.08,190.07,188.94,189.59,188.376884011266,46347308,0.0,1.0,1,0.1411275827898551,0.13047599468599033,0.0024031047101449043,-0.011032494685990338
2023-06-30,0.1605021,0.15136566,AAPL,191.63,194.48,191.26,193.97,192.728858018172,85213216,0.0,1.0,0,0.15757652916666673,0.14631147555555554,0.0029255708333332797,0.005054184444444471
2023-07-03,0.1959996444444444,0.1840764888888888,AAPL,193.78,193.88,191.76,192.46,191.228519947298,31458198,0.0,1.0,0,0.16667747731481486,0.1516285496296296,0.02932216712962954,0.032447939259259206
2023-07-05,0.1699383414634146,0.1647887560975609,AAPL,191.565,192.98,190.62,191.33,190.105750397571,46920261,0.0,1.0,1,0.17548002863595302,0.16674363499548325,-0.005541687172538418,-0.001954878897922341
2023-07-06,0.1650217826086956,0.1333546086956522,AAPL,189.84,192.02,189.2,191.81,190.582679055862,45156009,0.0,1.0,0,0.17698658950551827,0.1607399512273673,-0.011964806896822666,-0.027385342531715123
2023-07-07,0.1485215277777777,0.1155820277777777,AAPL,191.41,192.67,190.24,190.68,189.459909506135,46814998,0.0,1.0,0,0.16116055061662934,0.1379084641903303,-0.012639022838851655,-0.022326436412552594
2023-07-10,0.1663885882352941,0.0529998823529411,AAPL,189.26,189.99,187.035,188.61,187.403154667255,59922163,0.0,1.0,0,0.15997729954058917,0.10064550627545699,0.00641128869470492,-0.04764562392251589
2023-07-11,0.1534167307692307,0.108570423076923,AAPL,189.16,189.3,186.6,188.08,186.876545940392,46638119,0.0,1.0,1,0.1561089489274342,0.09238411106921392,-0.002692218158203502,0.016186312007709078
2023-07-12,0.1483079583333333,0.1227954583333333,AAPL,189.68,191.7,188.47,189.77,188.555732258125,60750248,0.0,1.0,1,0.15603775911261938,0.0947885879210658,-0.007729800779286089,0.0280068704122675
2023-07-13,0.1674818666666666,0.1222468999999999,AAPL,190.5,191.19,189.78,190.54,189.320805314134,41342338,0.0,1.0,1,0.15640218525641023,0.11787092713675207,0.011079681410256365,0.004375972863247826
2023-07-14,0.184790724137931,0.1166241034482758,AAPL,190.23,191.1799,189.63,190.69,189.46984551985,41616242,0.0,1.0,1,0.16686018304597697,0.12055548726053633,0.017930541091954022,-0.003931383812260533
2023-07-17,0.1689816785714285,0.1577467142857143,AAPL,191.9,194.32,191.81,193.99,192.748730045601,50520159,0.0,1.0,0,0.17375142312534209,0.13220590591133,-0.004769744553913574,0.0255408083743843
2023-07-18,0.1533791538461538,0.1519973846153846,AAPL,193.35,194.33,192.415,193.73,192.490393689026,48353774,0.0,1.0,1,0.16905051885183778,0.14212273411645823,-0.015671365005683974,0.009874650498926357
2023-07-19,0.1324220303030303,0.0736081818181818,AAPL,193.1,198.23,192.65,195.1,193.851627567899,80507323,0.0,1.0,0,0.15159428757353757,0.1277840935730936,-0.01917225727050728,-0.05417591175491179
2023-07-20,0.1396329459459459,0.1324659729729729,AAPL,195.09,196.47,192.495,193.13,191.894232866163,59581196,0.0,1.0,0,0.1418113766983767,0.11935717980217976,-0.0021784307524307933,0.013108793170793151
2023-07-21,0.1868348,0.1117630333333333,AAPL,194.1,194.97,191.23,191.94,190.711847234149,71951683,0.0,1.0,1,0.15296325874965877,0.10594572937482934,0.033871541250341225,0.0058173039585039665
2023-07-24,0.1272522580645161,0.1279286774193548,AAPL,193.41,194.91,192.25,192.75,191.516664345015,45505097,0.0,1.0,1,0.1512400013368207,0.124052561241887,-0.0239877432723046,0.0038761161774677894
2023-07-25,0.1657427419354838,0.150764935483871,AAPL,193.33,194.44,192.915,193.62,192.381097538168,37283201,0.0,1.0,1,0.15994326666666667,0.13015221541218636,0.005799475268817134,0.02061272007168463
2023-07-26,0.1983554444444444,0.1639147777777777,AAPL,193.67,195.64,193.32,194.5,193.255466745035,47471868,0.0,1.0,0,0.16378348148148147,0.14753613022700116,0.034571962962962915,0.01637864755077653
2023-07-27,0.1846507037037037,0.1292324814814814,AAPL,196.02,197.2,192.55,193.22,191.983656989592,47460180,0.0,1.0,1,0.18291629669454398,0.14797073158104335,0.001734407009159722,-0.018738250099561954
2023-07-28,0.1350719729729729,0.1233582162162162,AAPL,194.67,196.626,194.14,195.83,194.57695656905,48291443,0.0,1.0,1,0.17269270704037373,0.1388351584918251,-0.037620734067400824,-0.01547694227560889
2023-07-31,0.1327101463414634,0.0518418292682926,AAPL,196.06,196.49,195.26,196.45,195.192989419343,38824113,0.0,1.0,0,0.1508109410060467,0.10147750898866341,-0.01810079466458331,-0.04963567972037081
2023-08-01,0.1480014411764705,0.1108704411764705,AAPL,196.235,196.73,195.28,195.605,194.353396260476,35281426,0.0,1.0,0,0.13859452016363563,0.09535682888699311,0.009406921012834857,0.015513612289477396
2023-08-02,0.1604505263157895,0.1574326052631579,AAPL,195.04,195.18,191.8507,192.58,191.347752111871,50389327,0.0,1.0,0,0.1470540379445745,0.106714958569307,0.013396488371214987,0.050717646693850885
2023-08-03,0.096618431372549,0.0766981960784313,AAPL,191.57,192.37,190.69,191.17,189.946774178141,62243282,0.0,1.0,0,0.1350234662882697,0.11500041417268657,-0.0384050349157207,-0.03830221809425527
2023-08-04,0.111310953125,0.08803125,AAPL,185.52,187.38,181.92,181.99,180.825513588324,115956841,0.0,1.0,0,0.12279330360444618,0.1073873504471964,-0.01148235047944618,-0.019356100447196392
2023-08-07,0.0925227894736842,0.1020223947368421,AAPL,182.13,183.13,177.35,178.85,177.705605282003,97576069,0.0,1.0,1,0.10015072465707776,0.08891728027175781,-0.007627935183393567,0.013105114465084292
2023-08-08,0.1466637567567567,0.1543448108108108,AAPL,179.69,180.27,177.58,179.8,178.649526584871,67823003,0.0,1.0,0,0.116832499785147,0.11479948518255097,0.029831256971609696,0.03954532562825984
2023-08-09,0.1043943448275862,0.0839416551724138,AAPL,180.87,180.93,177.01,178.19,177.049828376852,60378492,0.0,1.0,0,0.11452696368600906,0.1134362869066889,-0.01013261885842287,-0.029494631734275106
2023-08-10,0.1715173846153846,0.0823810769230769,AAPL,179.48,180.75,177.6,177.97,176.831236075136,54686851,0.0,1.0,1,0.14085849539990922,0.10688918096876716,0.030658889215475382,-0.02450810404569026
2023-08-11,0.1658882962962962,0.1309652222222222,AAPL,177.32,178.62,176.55,177.79,176.890852157422,52036672,0.24,1.0,1,0.14726667524642237,0.09909598477257098,0.018621621049873832,0.03186923744965123
2023-08-14,0.10945084,0.0709126,AAPL,177.97,179.69,177.305,179.46,178.552406368024,43675627,0.0,1.0,0,0.148952173637227,0.09475296638176638,-0.03950133363722699,-0.02384036638176637
2023-08-15,0.1637465882352941,0.0691408529411764,AAPL,178.88,179.48,177.05,177.45,176.552571659455,43622593,0.0,1.0,0,0.14636190817719683,0.09033955838779954,0.017384680058097263,-0.02119870544662314
2023-08-16,0.1779335384615384,0.163176,AAPL,177.13,178.54,176.5,176.57,175.677022135306,46964857,0.0,1.0,0,0.1503769888989442,0.10107648431372547,0.02755654956259418,0.06209951568627452
2023-08-17,0.1673418620689655,0.1409575172413793,AAPL,177.14,177.5054,173.48,174.0,173.120019547733,66062882,0.0,1.0,1,0.16967399625526602,0.1244247900608519,-0.0023321341863005163,0.01653272718052741
2023-08-18,0.117214,0.075033027027027,AAPL,172.3,175.1,171.96,174.49,173.607541441862,61172150,0.0,1.0,1,0.154163133510168,0.12638884808946874,-0.036949133510168,-0.05135582106244174
2023-08-21,0.1275719655172413,0.1065220689655172,AAPL,175.07,176.13,173.735,175.84,174.950714007318,46311879,0.0,1.0,1,0.13737594252873564,0.10750420441130783,-0.009803977011494353,-0.0009821354457906217
2023-08-22,0.1820867407407407,0.1247181851851851,AAPL,177.06,177.68,176.25,177.23,176.333684278418,42084245,0.0,1.0,1,0.14229090208599404,0.10209109372590976,0.039795838654746646,0.022627091459275342
2023-08-23,0.201059074074074,0.2004754814814814,AAPL,178.52,181.55,178.325,181.12,180.204011152215,52722752,0.0,1.0,0,0.17023926011068538,0.1439052452107279,0.03081981396338862,0.0565702362707535
2023-08-24,0.1608285641025641,0.1468637948717948,AAPL,180.674,181.104,176.01,176.38,175.487983033501,54945798,0.0,1.0,1,0.18132479297245963,0.1573524871794871,-0.020496228869895522,-0.01048869230769231
2023-08-25,0.1253894090909091,0.0829330909090909,AAPL,177.38,179.15,175.82,178.61,177.706705123107,51449594,0.0,1.0,1,0.16242568242251576,0.14342412242078903,-0.03703627333160667,-0.06049103151169813
2023-08-28,0.1161582608695652,0.0131039565217391,AAPL,180.09,180.59,178.545,180.19,179.278714496012,43820697,0.0,1.0,1,0.13412541135434616,0.08096694743420828,-0.017967150484780967,-0.06786299091246918
2023-08-29,0.1805952592592592,0.1311721851851852,AAPL,179.695,184.9,179.5,184.12,183.188839075452,53003948,0.0,1.0,1,0.1407143097399112,0.07573641087200507,0.03988094951934801,0.05543577431318013
2023-08-30,0.1542767435897435,0.147768,AAPL,184.94,187.85,184.74,187.65,186.70098659846,60813888,0.0,1.0,1,0.15034342123952266,0.09734804723564144,0.003933322350220841,0.05041995276435857
2023-08-31,0.1874670833333333,0.1568377916666666,AAPL,187.84,189.12,187.48,187.87,186.919873979498,60794467,0.0,1.0,1,0.17411302872744538,0.14525932561728394,0.013354054605887927,0.011578466049382646
2023-09-01,0.1590782413793103,0.136833724137931,AAPL,189.485,189.92,188.28,189.46,188.501832778813,45766503,0.0,1.0,1,0.16694068943412907,0.1471465052681992,-0.007862448054818783,-0.010312781130268206
2023-09-05,0.1477357777777778,0.1395141388888889,AAPL,188.28,189.98,187.61,189.7,188.740619012672,45280027,0.0,1.0,0,0.16476036749680714,0.14439521823116216,-0.017024589719029343,-0.004881079342273276
2023-09-06,0.1039310869565217,0.0526958695652173,AAPL,188.4,188.85,181.47,182.91,181.984958479746,81755816,0.0,1.0,0,0.13691503537120328,0.10968124419734575,-0.03298394841468158,-0.056985374632128445
2023-09-07,0.0372016666666666,-0.0278775263157894,AAPL,175.18,178.21,173.54,177.56,176.662015349974,112488803,0.0,1.0,1,0.0962895104669887,0.0547774940461056,-0.05908784380032211,-0.08265502036189501
2023-09-08,0.1016290461538461,0.0210515076923076,AAPL,178.35,180.239,177.79,178.18,177.278879787443,65602066,0.0,1.0,1,0.08092059992567817,0.015289950313911843,0.020708446228167934,0.005761557378395758
2023-09-11,0.1428128478260869,0.0813050217391304,AAPL,180.07,180.3,177.34,179.36,178.452912103916,58953052,0.0,1.0,0,0.09388118688219989,0.024826334371882874,0.048931660943887026,0.056478687367247524
2023-09-12,0.1736468620689655,0.1728840459770115,AAPL,179.49,180.13,174.82,176.3,175.408387622215,90370192,0.0,1.0,0,0.1393629186829662,0.09174685846948318,0.0342839433859993,0.08113718750752834
2023-09-13,0.1313568823529411,0.1261089852941176,AAPL,176.51,177.3,173.98,174.21,173.32895750236,84267928,0.0,1.0,1,0.14927219741599787,0.12676601767008652,-0.01791531506305677,-0.0006570323759689245
2023-09-14,0.1180616222222222,0.1035224888888888,AAPL,174.0,176.1,173.58,175.74,174.85121974321,60895757,0.0,1.0,0,0.1410217888813763,0.1341718400533393,-0.022960166659154083,-0.030649351164450486
2023-09-15,0.1680413,0.1451607,AAPL,176.48,176.495,173.82,175.01,174.124911615223,109259461,0.0,1.0,1,0.13915326819172114,0.12493072472766881,0.02888803180827887,0.020229975272331197
2023-09-18,0.1624366176470588,0.1648735882352941,AAPL,176.48,179.38,176.17,177.97,177.069941832816,67257573,0.0,1.0,1,0.14951317995642702,0.1378522590413943,0.012923437690631784,0.027021329193899796
2023-09-19,0.1469800357142857,0.1312926071428571,AAPL,177.52,179.63,177.13,179.07,178.164378738003,51826941,0.0,1.0,0,0.15915265112044819,0.1471089651260504,-0.01217261540616249,-0.015816357983193308
2023-09-20,0.1589877741935483,0.0983483548387096,AAPL,179.26,179.695,175.4,175.49,174.602484082941,58436181,0.0,1.0,0,0.15613480918496428,0.13150485007228693,0.0028529650085840075,-0.03315649523357733
2023-09-21,0.1305761666666666,0.0726997916666666,AAPL,174.55,176.3,173.86,173.93,173.050373562857,63149116,0.0,1.0,1,0.1455146588581669,0.10078025121607777,-0.014938492191500286,-0.02808045954941117
2023-09-22,0.1317167368421052,0.1392646578947368,AAPL,174.67,177.079,174.05,174.79,173.906024234185,56725385,0.0,1.0,1,0.14042689256744004,0.10343760146670433,-0.008710155725334845,0.03582705642803247
2023-09-25,0.1540272051282051,0.1617181538461538,AAPL,174.2,176.97,174.15,176.08,175.189500241177,46172740,0.0,1.0,0,0.138773369545659,0.12456086780251907,0.015253835582546116,0.03715728604363472
2023-09-26,0.1455874864864864,0.1302105675675675,AAPL,174.82,175.2,171.66,171.96,171.090336559932,64588945,0.0,1.0,0,0.14377714281893228,0.14373112643615268,0.0018103436675541151,-0.013520558868585192
2023-09-27,0.1497960833333333,0.11606,AAPL,172.62,173.04,169.05,170.43,169.568074319081,66921808,0.0,1.0,1,0.14980359164934162,0.13599624047124043,-7.508316008320026e-06,-0.01993624047124043
2023-09-28,0.1825707857142857,0.1341361428571428,AAPL,169.34,172.03,167.62,170.69,169.826759405762,56294419,0.0,1.0,1,0.15931811851136848,0.12680223680823677,0.023252667202917215,0.007333906048906019
2023-09-29,0.1594001785714285,0.0954494999999999,AAPL,172.02,173.07,170.341,171.21,170.344129579123,51861083,0.0,1.0,1,0.16392234920634918,0.11521521428571424,-0.004522170634920691,-0.019765714285714345
2023-10-02,0.2043383793103448,0.1253580689655172,AAPL,171.22,174.3,170.93,173.75,172.871283887463,52164535,0.0,1.0,0,0.1821031145320197,0.11831457060755331,0.022235264778325103,0.007043498357963904
2023-10-03,0.1290894285714285,0.1565752857142857,AAPL,172.255,173.63,170.82,172.4,171.528111322007,49594613,0.0,1.0,1,0.1642759954844006,0.1257942848932676,-0.03518656691297212,0.03078100082101809
2023-10-04,0.1090068235294117,0.0568698529411764,AAPL,171.09,174.21,170.97,173.66,172.781739049766,53020286,0.0,1.0,1,0.14747821047039503,0.11293440254032644,-0.03847138694098333,-0.05606454959915004
2023-10-05,0.1978888620689655,0.1508069655172414,AAPL,173.79,175.45,172.68,174.91,174.025417351115,48527918,0.0,1.0,1,0.14532837138993526,0.12141736805756785,0.052560490679030236,0.029389597459673553
2023-10-06,0.1258855769230769,0.0918453846153846,AAPL,173.8,177.99,173.18,177.49,176.592369365098,57266675,0.0,1.0,1,0.14426042084048474,0.09984073435793415,-0.018374843917407846,-0.007995349742549548
2023-10-09,0.1769722068965517,0.1257658275862069,AAPL,176.81,179.05,175.8,178.99,178.084783326717,42390772,0.0,1.0,0,0.1669155486295314,0.12280605923961098,0.01005665826702029,0.002959768346595934
2023-10-10,0.1812843214285714,0.108746,AAPL,178.1,179.72,177.95,178.39,177.487817742069,43698019,0.0,1.0,1,0.16138070174940003,0.10878573740053053,0.01990361967917137,-3.9737400530537315e-05
2023-10-11,0.1885840666666666,0.1226989333333333,AAPL,178.2,179.85,177.6,179.8,178.890686865991,47551098,0.0,1.0,1,0.1822801983305966,0.11907025363984676,0.006303868336069995,0.0036286796934865417
2023-10-12,0.1023659565217391,0.0761568695652173,AAPL,180.07,182.34,179.04,180.71,179.796084669373,56743119,0.0,1.0,0,0.15741144820565908,0.10253393429951689,-0.05504549168391998,-0.026377064734299585
2023-10-13,0.1794141538461538,0.1986261153846153,AAPL,181.42,181.93,178.14,178.85,177.945491356966,51456082,0.0,1.0,0,0.15678805901151985,0.13249397276105532,0.02262609483463396,0.06613214262355999
2023-10-16,0.1385007857142857,0.0785211666666666,AAPL,176.75,179.075,176.51,178.72,177.816148813626,52516984,0.0,1.0,0,0.1400936320273929,0.1177680505388331,-0.001592846313107188,-0.0392468838721665
2023-10-17,0.1749028064516128,0.1442876451612903,AAPL,176.645,178.42,174.8,177.15,176.254088867132,57549350,0.0,1.0,0,0.16427258200401748,0.14047830907085743,0.010630224447595316,0.00380933609043288
2023-10-18,0.1440918484848485,0.0724052121212121,AAPL,175.58,177.575,175.11,175.84,174.950714007318,54764375,0.0,1.0,0,0.1524984802169157,0.09840467464972302,-0.00840663173206721,-0.025999462528510917
2023-10-19,0.15527275,0.0926690625,AAPL,176.04,177.84,175.19,175.46,174.572635803708,59302863,0.0,1.0,0,0.15808913497882046,0.10312063992750083,-0.0028163849788204742,-0.01045157742750083
2023-10-20,0.1391721538461538,0.0610373461538461,AAPL,175.31,175.42,172.64,172.88,172.005683789725,64244028,0.0,1.0,1,0.14617891744366746,0.07537054025835274,-0.007006763597513649,-0.01433319410450664
2023-10-23,0.1529647419354838,0.0696452580645161,AAPL,170.91,174.01,169.93,173.0,172.125076906654,55980109,0.0,1.0,1,0.14913654859387923,0.0744505555727874,0.0038281933416045577,-0.0048052975082713
2023-10-24,0.1733203666666666,0.1193467,AAPL,173.05,173.67,171.45,173.44,172.562851668729,43816644,0.0,1.0,0,0.15515242081610142,0.08334310140612074,0.018167945850565165,0.03600359859387926
2023-10-25,0.1296859756097561,0.0927174146341463,AAPL,171.88,173.06,170.65,171.1,170.234685888604,57156962,0.0,1.0,0,0.15199036140396885,0.09390312423288748,-0.02230438579421276,-0.0011857095987411748
2023-10-26,0.1758181875,0.107842875,AAPL,170.37,171.3775,165.67,166.89,166.045977369662,70625258,0.0,1.0,1,0.1596081765921409,0.10663566321138211,0.01621001090785909,0.001207211788617893
2023-10-27,0.126860675,0.05108445,AAPL,166.91,168.96,166.83,168.22,167.369251082297,58499129,0.0,1.0,1,0.14412161270325205,0.08388157987804878,-0.017260937703252044,-0.03279712987804878
2023-10-30,0.1195925416666666,0.0987652708333333,AAPL,169.02,171.17,168.87,170.29,169.42878234933,51130955,0.0,1.0,1,0.14075713472222223,0.08589753194444445,-0.02116459305555564,0.012867738888888841
2023-10-31,0.183088731707317,0.1489463902439024,AAPL,169.35,170.9,167.9,170.77,169.906354817048,44846017,0.0,1.0,1,0.14318064945799455,0.09959870369241192,0.039908082249322435,0.049347686551490494
2023-11-01,0.1261198666666666,0.1382229,AAPL,171.0,174.23,170.12,173.97,173.090171268501,56934906,0.0,1.0,1,0.14293371334688343,0.12864485369241194,-0.01681384668021682,0.009578046307588073
2023-11-02,0.1389201136363636,0.14208575,AAPL,175.52,177.78,175.46,177.57,176.671964776385,77334752,0.0,1.0,0,0.14937623733678243,0.14308501341463417,-0.010456123700418818,-0.0009992634146341606
2023-11-03,0.1680674528301886,0.1346146603773585,AAPL,174.24,176.82,173.35,176.65,175.756617546592,79829246,0.0,1.0,1,0.14436914437773962,0.13830777012578618,0.02369830845244897,-0.003693109748427681
2023-11-06,0.1715828857142857,0.1004598285714285,AAPL,176.38,179.43,176.21,179.23,178.323569560576,63841310,0.0,1.0,1,0.1595234840602793,0.12572007964959567,0.012059401654006402,-0.025260251078167165
2023-11-07,0.1606853333333333,0.0997135555555555,AAPL,179.18,182.44,178.97,181.82,180.90047100097,70529966,0.0,1.0,1,0.16677855729260258,0.11159601483478084,-0.006093223959269284,-0.011882459279225335
2023-11-08,0.1905565,0.15595325,AAPL,182.35,183.45,181.59,182.89,181.965059626925,49340282,0.0,1.0,0,0.17427490634920637,0.11870887804232799,0.016281593650793624,0.037244371957671996
2023-11-09,0.1602079285714285,0.1057373214285714,AAPL,182.96,184.12,181.81,182.41,181.487487159207,53763540,0.0,1.0,1,0.17048325396825395,0.12046804232804231,-0.010275325396825463,-0.014730720899470917
2023-11-10,0.1478353611111111,0.1261266666666666,AAPL,183.97,186.565,183.53,186.4,185.696094530971,66177922,0.24,1.0,0,0.1661999298941799,0.1292724126984127,-0.018364568783068802,-0.003145746031746083
2023-11-13,0.1782567692307692,0.1232985384615384,AAPL,185.82,186.03,184.21,184.8,184.102136638001,43627519,0.0,1.0,1,0.16210001963776963,0.11838750885225881,0.016156749592999564,0.004911029609279596
2023-11-14,0.1543552,0.1161432999999999,AAPL,187.7,188.11,186.3,187.44,186.732167161401,60108378,0.0,1.0,1,0.16014911011396013,0.12185616837606832,-0.005793910113960132,-0.005712868376068422
2023-11-15,0.1890080588235294,0.1158604117647058,AAPL,187.845,189.5,187.78,188.01,187.300014660771,53790499,0.0,1.0,1,0.1738733426847662,0.11843408340874804,0.015134716138763188,-0.0025736716440422497
2023-11-16,0.1845814090909091,0.1490230909090909,AAPL,189.57,190.96,188.65,189.71,188.993594922052,54412915,0.0,1.0,0,0.17598155597147955,0.12700893422459889,0.00859985311942954,0.022014156684492026
2023-11-17,0.1507531714285714,0.1357739714285714,AAPL,190.25,190.38,188.57,189.69,188.97367044839,50941404,0.0,1.0,1,0.17478087978100332,0.13355249136745603,-0.024027708352431926,0.0022214800611153607
2023-11-20,0.1511244,0.0994602,AAPL,189.89,191.905,189.88,191.45,190.727024130656,46538614,0.0,1.0,0,0.1621529935064935,0.1280857541125541,-0.011028593506493517,-0.028625554112554102
2023-11-21,0.1421384,0.0874566,AAPL,191.41,191.52,189.74,190.64,189.92008294734,38134485,0.0,1.0,1,0.1480053238095238,0.10756359047619046,-0.005866923809523805,-0.020106990476190467
2023-11-22,0.1652153181818181,0.0698891818181818,AAPL,191.49,192.93,190.825,191.31,190.587552815021,39630011,0.0,1.0,0,0.15282603939393938,0.08560199393939394,0.01238927878787871,-0.015712812121212144
2023-11-24,0.1947689666666666,0.2063278999999999,AAPL,190.87,190.9,189.25,189.97,189.252613079659,24048344,0.0,1.0,0,0.16737422828282825,0.12122456060606057,0.027394738383838352,0.08510333939393933
2023-11-27,0.1550332608695652,0.0708151739130434,AAPL,189.92,190.67,188.9,189.79,189.0732928167,40552609,0.0,1.0,1,0.17167251523934998,0.11567741857707503,-0.01663925436978478,-0.04486224466403163
2023-11-28,0.2242579090909091,0.1624605,AAPL,189.78,191.08,189.4,190.4,189.680989263395,38415419,0.0,1.0,0,0.19135337887571366,0.1465345246376811,0.03290453021519543,0.015925975362318906
2023-11-29,0.1685669374999999,0.12352509375,AAPL,190.9,192.09,188.97,189.37,188.654878869796,43014224,0.0,1.0,1,0.18261936915349142,0.11893358922101448,-0.014052431653491515,0.004591504528985518
2023-11-30,0.1479472580645161,0.0641234193548387,AAPL,189.84,190.32,188.19,189.95,189.232688605997,48794366,0.0,1.0,1,0.18025736821847504,0.11670300436827957,-0.03231011015395893,-0.05257958501344087
2023-12-01,0.1830436551724137,0.139552724137931,AAPL,190.33,191.56,189.23,191.24,190.517817157204,45704823,0.0,1.0,0,0.1665192835789766,0.10906707908092324,0.016524371593437087,0.03048564505700775
2023-12-04,0.2153487142857142,0.1742472285714285,AAPL,189.98,190.05,187.4511,189.43,188.714652290782,43389519,0.0,1.0,1,0.1821132091742147,0.12597445735473276,0.0332355051114995,0.04827277121669574
2023-12-05,0.1740470322580645,0.1431578387096774,AAPL,190.21,194.4,190.18,193.42,192.689584786375,66628398,0.0,1.0,0,0.19081313390539748,0.15231926380634564,-0.01676610164733297,-0.00916142509666823
2023-12-06,0.1849226785714285,0.1715517142857143,AAPL,194.45,194.76,192.11,192.32,191.593738734959,40895115,0.0,1.0,1,0.19143947503840242,0.16298559385560674,-0.006516796466973923,0.008566120430107571
2023-12-07,0.1813760625,0.16102453125,AAPL,193.63,195.0,193.59,194.27,193.536374917015,47477655,0.0,1.0,1,0.1801152577764977,0.15857802808179725,0.0012608047235022901,0.002446503168202746
2023-12-08,0.1720007096774193,0.1664473548387096,AAPL,194.2,195.99,193.67,195.71,194.970937020688,53406358,0.0,1.0,0,0.17943315024961595,0.166341200124808,-0.0074324405721966635,0.0001061547139016017
2023-12-11,0.1887768928571428,0.1429887142857142,AAPL,193.11,193.49,191.42,193.18,192.45049110243,60943699,0.0,1.0,1,0.18071788834485406,0.15682020012480793,0.008059004512288748,-0.013831485839093743
2023-12-12,0.1847157586206896,0.1188754827586207,AAPL,193.08,194.72,191.721,194.71,193.974713337582,52696900,0.0,1.0,1,0.18183112038508395,0.14277051729434817,0.002884638235605641,-0.023895034535727472
2023-12-13,0.150688775,0.152647975,AAPL,195.09,198.0,194.85,197.96,197.212440307677,70404183,0.0,1.0,1,0.1747271421592775,0.13817072401477828,-0.024038367159277513,0.014477250985221707
2023-12-14,0.184192,0.1574899393939394,AAPL,198.02,199.62,196.16,198.11,197.361873860143,66831572,0.0,1.0,0,0.17319884454022985,0.14300446571752004,0.010993155459770143,0.014485473676419364
2023-12-15,0.2197038399999999,0.1439124,AAPL,197.53,198.3999,197.0,197.57,196.823913071265,128538401,0.0,1.0,0,0.18486153833333333,0.1513501047979798,0.034842301666666575,-0.0074377047979798105
2023-12-18,0.1908449642857142,0.1413923928571428,AAPL,196.09,196.63,194.39,195.89,195.150257283647,55751861,0.0,1.0,1,0.19824693476190472,0.14759824408369407,-0.007401970476190511,-0.006205851226551262
2023-12-19,0.157395,0.1067618684210526,AAPL,196.16,196.95,195.89,196.94,196.196292150909,40233138,0.0,1.0,0,0.18931460142857137,0.13068888709273183,-0.031919601428571365,-0.02392701867167922
2023-12-20,0.1814159259259259,0.1678697037037037,AAPL,196.9,197.68,194.83,194.83,194.094260179555,52242815,0.0,1.0,0,0.17655196340388005,0.1386746549939664,0.0048639625220458504,0.029195048709737298
2023-12-21,0.1875771621621621,0.1110998108108108,AAPL,196.1,197.08,193.5,194.68,193.944826627089,46482549,0.0,1.0,0,0.1754626960293627,0.12857712764518903,0.0121144661327994,-0.017477316834378226
2023-12-22,0.169802448275862,0.1353065862068965,AAPL,195.18,195.41,192.97,193.6,192.868905049334,37149570,0.0,1.0,0,0.1795985121213167,0.1380920335738037,-0.0097960638454547,-0.0027854473669071955
2023-12-26,0.12869516,0.10919696,AAPL,193.61,193.89,192.83,193.05,192.320982023626,28919310,0.0,1.0,1,0.1620249234793414,0.11853445233923578,-0.033329763479341384,-0.009337492339235781
2023-12-27,0.1413412,0.0336940285714285,AAPL,192.49,193.5,191.09,193.15,192.420604391937,47899806,0.0,1.0,1,0.14661293609195403,0.09273252492610835,-0.005271736091954027,-0.05903849635467985
2023-12-28,0.1796287586206896,0.1506358620689655,AAPL,194.14,194.66,193.17,193.58,192.848980575672,34049898,0.0,1.0,0,0.14988837287356324,0.09784228354679803,0.02974038574712637,0.052793578522167484
2023-12-29,0.1971953928571428,0.1424679999999999,AAPL,193.9,194.4,191.725,192.53,191.802945708411,42672148,0.0,1.0,0,0.17272178382594416,0.10893263021346467,0.024473609031198634,0.033535369786535235
2024-01-02,0.1404085882352941,0.0497632058823529,AAPL,187.15,188.44,183.885,185.64,184.93896453181,82488674,0.0,1.0,0,0.17241091323770885,0.11428902265043946,-0.03200232500241476,-0.06452581676808655
2024-01-03,0.1382475952380952,0.1413338809523809,AAPL,184.22,185.88,183.43,184.25,183.554213612293,58414460,0.0,1.0,0,0.1586171921101774,0.11118836227824458,-0.020369596872082202,0.030145518674136312
2024-01-04,0.1446066857142857,0.092094,AAPL,182.15,183.0872,180.88,181.91,181.223050193824,71983570,0.0,1.0,0,0.14108762306255837,0.09439702894491127,0.0035190626517273282,-0.002303028944911273
2024-01-05,0.154946575,0.088056775,AAPL,181.99,182.76,180.17,181.18,180.495806905157,62196924,0.0,1.0,1,0.14593361865079366,0.10716155198412698,0.009012956349206347,-0.019104776984126978
2024-01-08,0.2013055121951219,0.1834815853658536,AAPL,182.085,185.6,181.5,185.56,184.859266637162,59144470,0.0,1.0,0,0.1669529243031359,0.1212107867886179,0.034352587891986,0.062270798577235706
2024-01-09,0.1629376818181818,0.1418012272727272,AAPL,183.92,185.15,182.73,185.14,184.440852690257,42841809,0.0,1.0,1,0.17306325633776795,0.1377798625461936,-0.01012557451958615,0.0040213647265336105
2024-01-10,0.177851,0.1138194,AAPL,184.35,186.4,183.92,186.19,185.486887557518,46792908,0.0,1.0,0,0.18069806467110128,0.1463674042128603,-0.002847064671101268,-0.03254800421286029
2024-01-11,0.1793243636363636,0.1488384090909091,AAPL,186.54,187.05,183.62,185.59,184.889153347655,49128408,0.0,1.0,1,0.17337101515151518,0.1348196787878788,0.005953348484848409,0.014018730303030302
2024-01-12,0.1613287894736842,0.149452,AAPL,186.06,186.74,185.19,185.92,185.21790716308,40477782,0.0,1.0,0,0.17283471770334927,0.13736993636363637,-0.011505928229665063,0.012082063636363632
2024-01-16,0.1435236,0.1145903714285714,AAPL,182.16,184.26,180.934,183.63,182.936554928767,65603041,0.0,1.0,0,0.16139225103668264,0.13762692683982683,-0.017868651036682642,-0.023036555411255433
2024-01-17,0.1753295897435897,0.1712841025641025,AAPL,181.27,182.93,180.3,182.68,181.990142429816,47317433,0.0,1.0,1,0.16006065973909134,0.14510882466422467,0.01526893000449836,0.026175277899877836
2024-01-18,0.1498667674418604,0.1828667674418604,AAPL,186.09,189.14,185.83,188.63,187.917673344297,78005754,0.0,1.0,1,0.15623998572848338,0.15624708047817812,-0.006373218286622989,0.026619686963682276
2024-01-19,0.1518267027027026,0.1093951351351351,AAPL,189.33,191.95,188.82,191.56,190.836608735798,68902985,0.0,1.0,1,0.15900768662938425,0.1545153350470327,-0.00718098392668165,-0.045120199911897585
2024-01-22,0.198751975609756,0.1857009756097561,AAPL,192.3,195.33,192.26,193.89,193.157809917435,60133852,0.0,1.0,1,0.166815148584773,0.15932095939558388,0.03193682702498299,0.026380016214172214
2024-01-23,0.1958275135135135,0.1671876486486486,AAPL,195.02,195.75,193.8299,195.18,194.442938468642,42355590,0.0,1.0,0,0.18213539727532405,0.15409458646451327,0.013692116238189445,0.013093062184135335
2024-01-24,0.177659,0.1456013947368421,AAPL,195.42,196.38,194.34,194.5,193.76550636413,53463269,0.0,1.0,0,0.19074616304108985,0.1661633396650823,-0.013087163041089839,-0.020561944928240178
2024-01-25,0.1792756285714285,0.1772965428571428,AAPL,195.22,196.2675,193.1125,194.17,193.436752548705,54822126,0.0,1.0,0,0.18425404736164738,0.16336186208087786,-0.004978418790218875,0.013934680776264946
2024-01-26,0.1849681333333333,0.1179504333333333,AAPL,194.27,194.76,191.94,192.42,191.693361103269,44594011,0.0,1.0,0,0.18063425396825397,0.14694945697577277,0.004333879365079341,-0.028999023642439475
2024-01-29,0.1601351568627451,0.1268003333333333,AAPL,192.01,192.2,189.58,191.73,191.005966761926,47145622,0.0,1.0,0,0.17479297292250232,0.14068243650793646,-0.014657816059757217,-0.013882103174603172
2024-01-30,0.16783503125,0.14211378125,AAPL,190.94,191.8,187.47,188.04,187.329901371265,55859370,0.0,1.0,0,0.17097944048202618,0.12895484930555554,-0.0031444092320261907,0.013158931944444452
2024-01-31,0.1591293333333333,0.1496623636363636,AAPL,187.04,187.095,184.35,184.4,183.703647164759,55467803,0.0,1.0,1,0.16236650714869283,0.13952549273989898,-0.0032371738153595397,0.010136870896464617
2024-02-01,0.1460801509433962,0.1352210566037736,AAPL,183.985,186.95,183.82,186.86,186.154357425199,64885408,0.0,1.0,0,0.15768150517557653,0.1423324004967124,-0.011601354232180339,-0.007111343892938798
2024-02-02,0.1559122040816326,0.1347628775510204,AAPL,179.86,187.33,179.25,185.85,185.148171505262,102551680,0.0,1.0,1,0.15370722945278736,0.13988209926371922,0.0022049746288452243,-0.005119221712698824
2024-02-05,0.1882283947368421,0.212848447368421,AAPL,188.15,189.25,185.84,187.68,186.971260845346,69668820,0.0,1.0,1,0.16340691658729034,0.160944127174405,0.024821478149551768,0.051904320194016
2024-02-06,0.2165285,0.2168806923076923,AAPL,186.86,189.31,186.7695,189.3,188.585143211978,43490759,0.0,1.0,1,0.18688969960615828,0.1881640057423779,0.02963880039384173,0.028716686565314398
2024-02-07,0.1707007222222222,0.1670679444444444,AAPL,190.64,191.05,188.61,189.41,188.69472781712,53438955,0.0,1.0,0,0.19181920565302146,0.19893236137351925,-0.02111848343079925,-0.03186441692907485
2024-02-08,0.1727577142857143,0.1727978285714285,AAPL,189.385,189.535,187.35,188.32,187.608844002534,40962046,0.0,1.0,1,0.1866623121693122,0.18558215510785506,-0.013904597883597908,-0.012784326536426555
2024-02-09,0.1813725172413793,0.1555621724137931,AAPL,188.65,189.99,188.0,188.85,188.375936238526,45155216,0.24,1.0,0,0.17494365124977196,0.16514264847655535,0.00642886599160733,-0.009580476062762244
2024-02-12,0.1793943181818181,0.1245451363636363,AAPL,188.415,188.67,186.79,187.15,186.680203690972,41781934,0.0,1.0,0,0.1778415165696373,0.150968379116286,0.0015528016121808264,-0.026423242752649692
2024-02-13,0.136104037037037,0.151374037037037,AAPL,185.77,186.21,183.5128,185.04,184.575500352538,56529529,0.0,1.0,0,0.1656236241534115,0.1438271152714888,-0.029519587116374507,0.007546921765548192
2024-02-14,0.1546349130434782,0.1564928260869565,AAPL,185.32,185.53,182.44,184.15,183.687734489407,54630517,0.0,1.0,0,0.1567110894207778,0.1441373331625433,-0.0020761763772995934,0.012355492924413208
2024-02-15,0.1509416818181818,0.0705050909090909,AAPL,183.55,184.49,181.35,183.86,183.398462466589,65434496,0.0,1.0,0,0.1472268772995657,0.1261239846776948,0.0037148045186160827,-0.055618893768603905
2024-02-16,0.1456951739130434,0.0773612173913043,AAPL,183.42,184.85,181.665,182.31,181.852353379114,49752465,0.0,1.0,0,0.15042392292490117,0.10145304479578392,-0.004728749011857769,-0.024091827404479613
2024-02-20,0.1897852083333333,0.1421147916666666,AAPL,181.79,182.43,180.0,181.56,181.104236078723,53665553,0.0,1.0,1,0.1621406880215195,0.0966603666556873,0.027644520311813775,0.04545442501097931
2024-02-21,0.1509603103448276,0.1099879655172413,AAPL,181.94,182.8888,180.66,182.32,181.862328276453,41529674,0.0,1.0,1,0.16214689753040146,0.10982132485840408,-0.01118658718557386,0.00016664065883721657
2024-02-22,0.1911787692307692,0.1205136923076923,AAPL,183.48,184.955,182.46,184.37,183.907182230855,52292208,0.0,1.0,0,0.1773080959696434,0.12420548316386675,0.013870673261125815,-0.003691790856174451
2024-02-23,0.1864558064516129,0.1302084516129032,AAPL,185.01,185.04,182.23,182.52,182.061826223224,45119677,0.0,1.0,0,0.17619829534240328,0.12023670314594563,0.01025751110920961,0.009971748466957572
2024-02-26,0.18328575,0.1200384444444444,AAPL,182.24,182.76,180.65,181.16,180.705240185181,40867421,0.0,1.0,1,0.18697344189412737,0.12358686278834664,-0.003687691894127376,-0.0035484183439022376
2024-02-27,0.17906725,0.107503375,AAPL,181.1,183.9225,179.56,182.63,182.171550093948,54318851,0.0,1.0,0,0.18293626881720434,0.11925009035244923,-0.003869018817204334,-0.011746715352449227
2024-02-28,0.1544198809523809,0.1400756904761904,AAPL,182.51,183.12,180.13,181.42,180.964587515983,48953939,0.0,1.0,0,0.17225762698412703,0.12253916997354496,-0.01783774603174612,0.01753652050264544
2024-02-29,0.1514662352941176,0.0864982352941176,AAPL,181.27,182.57,179.53,180.75,180.2962693943,136682597,0.0,1.0,0,0.1616511220821662,0.11135910025676936,-0.010184886788048603,-0.02486086496265176
2024-03-01,0.2021975714285714,0.1525163142857143,AAPL,179.55,180.53,177.38,179.66,179.209005584398,73563082,0.0,1.0,0,0.1693612292250233,0.12636341335200743,0.032836342203548086,0.02615290093370687
2024-03-04,0.1648890714285714,0.1294377142857143,AAPL,176.15,176.9,173.79,175.1,174.660452398019,81510101,0.0,1.0,0,0.1728509593837535,0.12281742128851542,-0.007961887955182101,0.006620292997198879
2024-03-05,0.1210741081081081,0.0430738648648648,AAPL,170.76,172.04,169.62,170.12,169.692953523421,95132355,0.0,1.0,0,0.16272025032175033,0.10834263114543115,-0.041646142213642226,-0.06526876628056635
2024-03-06,0.1110918636363636,0.0816177727272727,AAPL,171.06,171.24,168.68,169.12,168.695463789566,68587707,0.0,1.0,0,0.13235168105768105,0.08470978395928395,-0.021259817421317453,-0.003092011232011249
2024-03-07,0.1466026785714285,0.0956749642857142,AAPL,169.15,170.73,168.49,169.0,168.575765021503,71765061,0.0,1.0,1,0.12625621677196677,0.07345553395928392,0.02034646179946173,0.022219430326430284
2024-03-08,0.1882929090909091,0.1147651818181818,AAPL,169.0,173.7,168.94,170.73,170.301422261072,76267041,0.0,1.0,1,0.14866248376623378,0.09735263961038958,0.03963042532467531,0.017412542207792217
2024-03-11,0.2198556538461538,0.161248423076923,AAPL,172.94,174.38,172.05,172.75,172.31635152346,58929918,0.0,1.0,1,0.1849170805028305,0.12389618972693968,0.03493857334332329,0.03735223334998332
2024-03-12,0.172965619047619,0.1994541428571428,AAPL,173.15,174.03,171.01,173.23,172.79514659571,59544927,0.0,1.0,0,0.19370472732822733,0.15848924925074923,-0.02073910828060832,0.040964893606393576
2024-03-13,0.1796272173913043,0.154614,AAPL,172.77,173.185,170.76,171.13,170.700418154615,51948951,0.0,1.0,1,0.19081616342835905,0.1717721886446886,-0.011188946037054753,-0.0171581886446886
2024-03-14,0.17239056,0.1329292,AAPL,172.91,174.3078,172.05,173.0,172.565723956923,72571635,0.0,1.0,0,0.17499446547964115,0.1623324476190476,-0.00260390547964115,-0.029403247619047612
2024-03-15,0.1768828181818181,0.0792836818181818,AAPL,171.17,172.62,170.285,172.62,172.186677858059,121752699,0.0,1.0,1,0.17630019852437417,0.12227562727272728,0.0005826196574439391,-0.04299194545454549
2024-03-18,0.1881747222222222,0.1288753055555555,AAPL,175.57,177.71,173.52,173.72,173.283916565299,75604184,0.0,1.0,1,0.17914936680134677,0.11369606245791246,0.00902535542087543,0.015179243097643055
2024-03-19,0.1655394210526315,0.1718528157894737,AAPL,174.34,176.605,173.03,176.08,175.637992337197,55215244,0.0,1.0,1,0.17686565381889063,0.12667060105440367,-0.011326232766259131,0.04518221473507003
2024-03-20,0.1556645172413793,0.008114,AAPL,175.72,178.67,175.09,178.67,178.221490747882,53423102,0.0,1.0,0,0.16979288683874436,0.10294737378167641,-0.014128369597365048,-0.09483337378167642
2024-03-21,0.1217691320754716,0.0297762075471698,AAPL,177.05,177.49,170.84,171.37,170.93981569074,106181270,0.0,1.0,1,0.14765769012316082,0.06991434111221452,-0.02588855804768922,-0.04013813356504472
2024-03-22,0.1292776363636363,0.055011659090909,AAPL,171.76,173.05,170.06,172.28,171.847531348548,71160138,0.0,1.0,0,0.13557042856016244,0.03096728887935962,-0.006292792196526148,0.02404437021154938
2024-03-25,0.1624244761904762,0.0909789999999999,AAPL,170.565,171.94,169.45,170.85,170.421121029135,54288328,0.0,1.0,0,0.1378237482098614,0.05858895554602625,0.0246007279806148,0.03239004445397364
2024-03-26,0.1873461071428571,0.1440558571428571,AAPL,170.0,171.42,169.58,169.71,169.28398273254,57388449,0.0,1.0,1,0.1596827398989899,0.09668217207792201,0.0276633672438672,0.047373685064935084
2024-03-27,0.1489615161290322,0.1193865161290322,AAPL,170.41,173.6,170.11,173.31,172.874945774419,60273265,0.0,1.0,0,0.16624403315412187,0.11814045775729642,-0.017282517025089678,0.0012460583717357754
2024-03-28,0.1877017333333333,0.0950835333333333,AAPL,171.75,172.23,170.51,171.48,171.049539561464,65672690,0.0,1.0,0,0.1746697855350742,0.11950863553507422,0.013031947798259086,-0.02442510220174092
2024-04-01,0.2249662631578947,0.1538482631578947,AAPL,171.19,171.25,169.475,170.03,169.603179447374,43772506,0.0,1.0,0,0.18720983754008677,0.12277277087342009,0.037756425617807926,0.03107549228447462
2024-04-02,0.17481285,0.085207,AAPL,169.08,169.34,168.2302,168.84,168.416166664086,49013991,0.0,1.0,1,0.19582694883040938,0.11137959883040936,-0.02101409883040939,-0.026172598830409358
2024-04-03,0.135764111111111,0.063756,AAPL,168.79,170.68,168.58,169.65,169.224133348509,45571129,0.0,1.0,0,0.1785144080896686,0.10093708771929825,-0.04275029697855759,-0.03718108771929826
2024-04-04,0.1669275882352941,0.1033543529411764,AAPL,170.29,171.92,168.82,168.82,168.396216869409,53355055,0.0,1.0,1,0.1591681831154684,0.08410578431372549,0.007759405119825702,0.019248568627450904
2024-04-05,0.1366998421052631,0.1286055789473684,AAPL,169.59,170.39,168.95,169.58,169.154309067139,41975776,0.0,1.0,0,0.14646384715055608,0.09857197729618161,-0.009764005045292984,0.030033601651186792
2024-04-08,0.1622384499999999,0.1204319,AAPL,169.03,169.2,168.24,168.45,168.027145667883,37216858,0.0,1.0,1,0.15528862678018573,0.1174639439628483,0.006949823219814161,0.002967956037151692
2024-04-09,0.1739456399999999,0.11245568,AAPL,168.7,170.08,168.35,169.67,169.244083143186,42231444,0.0,1.0,0,0.157627977368421,0.12049771964912283,0.01631766263157891,-0.008042039649122826
2024-04-10,0.190414064516129,0.1427797741935484,AAPL,168.8,169.09,167.11,167.78,167.3588275462,49709336,0.0,1.0,1,0.17553271817204297,0.1252224513978495,0.014881346344086027,0.01755732279569891
2024-04-11,0.0977947714285714,0.0693901714285714,AAPL,168.34,175.46,168.16,175.04,174.600603013988,91070275,0.0,1.0,1,0.15405149198156678,0.10820854187403996,-0.05625672055299538,-0.038818370445468556
2024-04-12,0.164494875,0.144881125,AAPL,174.26,178.36,174.21,176.55,176.106812512109,101670886,0.0,1.0,0,0.15090123698156682,0.11901702354070663,0.01359363801843319,0.025864101459293368
2024-04-15,0.1359086,0.0773526,AAPL,175.36,176.63,172.5,172.69,172.256502139428,73531773,0.0,1.0,0,0.13273274880952382,0.09720796547619048,0.00317585119047617,-0.01985536547619049
2024-04-16,0.1607098095238095,0.1498185238095238,AAPL,171.75,173.76,168.27,169.38,168.954811120368,73711235,0.0,1.0,0,0.1537044281746032,0.12401741626984127,0.007005381349206308,0.025801107539682525
2024-04-17,0.1524023181818181,0.1106038636363636,AAPL,169.61,170.65,168.0,168.0,167.578275287648,50901210,0.0,1.0,0,0.14967357590187588,0.11259166248196247,0.0027287422799422145,-0.0019877988455988677
2024-04-18,0.1098271176470588,0.0265569411764705,AAPL,168.03,168.64,166.55,167.04,166.620685143147,43122903,0.0,1.0,0,0.1409797484508955,0.09565977620745264,-0.031152630803836706,-0.06910283503098213
2024-04-19,0.1564267142857142,0.1020186071428571,AAPL,166.21,166.4,164.075,165.0,164.585806086083,68149377,0.0,1.0,1,0.13955205003819707,0.07972647065189709,0.01687466424751713,0.022292136490960013
2024-04-22,0.1194195588235294,0.0594054705882352,AAPL,165.515,167.26,164.77,165.84,165.423697462521,48116443,0.0,1.0,1,0.12855779691876748,0.06266033963585428,-0.009138238095238074,-0.003254869047619083
2024-04-23,0.1631018636363636,0.098960409090909,AAPL,165.35,167.05,164.92,166.9,166.481036580408,49537761,0.0,1.0,1,0.1463160455818691,0.0867948289406671,0.0167858180544945,0.012165580150241898
2024-04-24,0.1542478,0.07872944,AAPL,166.54,169.3,166.21,169.02,168.59571481618,48251835,0.0,1.0,1,0.14558974081996437,0.07903177322638143,0.008658059180035621,-0.00030233322638142934
2024-04-25,0.2054801904761904,0.1203560476190476,AAPL,169.525,170.61,168.1511,169.89,169.463530884634,50558329,0.0,1.0,0,0.174276618037518,0.0993486322366522,0.03120357243867239,0.021007415382395395
2024-04-26,0.1660561923076923,0.0828791923076923,AAPL,169.88,171.34,169.18,169.3,168.87501194166,44838354,0.0,1.0,1,0.17526139426129425,0.09398822664224665,-0.009205201953601944,-0.011109034334554346
2024-04-29,0.1772938974358974,0.1363931282051282,AAPL,173.37,176.03,173.1,173.5,173.064468823851,68169419,0.0,1.0,0,0.18294342673992672,0.11320945604395605,-0.005649529304029316,0.023183672161172147
2024-04-30,0.1552161666666666,0.1111179583333333,AAPL,173.33,174.99,170.0,170.33,169.90242636753,65934776,0.0,1.0,0,0.16618875213675213,0.11013009294871795,-0.010972585470085533,0.000987865384615344
2024-05-01,0.1602077407407407,0.0804587037037037,AAPL,169.58,172.705,169.11,169.3,168.87501194166,50383147,0.0,1.0,1,0.1642392682811016,0.10932326341405507,-0.004031527540360902,-0.028864559710351373
2024-05-02,0.1296354444444444,0.0735853703703703,AAPL,172.51,173.415,170.89,173.03,172.595648648939,94214915,0.0,1.0,1,0.1483531172839506,0.08838734413580245,-0.018717672839506205,-0.014801973765432144
2024-05-03,0.187988625,0.200226984375,AAPL,186.645,187.0,182.66,183.38,182.919667394339,163224109,0.0,1.0,0,0.15927727006172837,0.118090352816358,0.02871135493827162,0.082136631558642
2024-05-06,0.16501545,0.1552818,AAPL,182.354,184.2,180.42,181.71,181.253859538801,78569667,0.0,1.0,1,0.16087983981481482,0.14303138491512346,0.0041356101851851845,0.012250415084876537
2024-05-07,0.1844861875,0.1208193125,AAPL,183.45,184.9,181.32,182.4,181.942127455161,77305771,0.0,1.0,1,0.17916342083333336,0.15877603229166667,0.005322766666666645,-0.03795671979166668
2024-05-08,0.1808891764705882,0.1659912352941176,AAPL,182.85,183.07,181.45,182.74,182.281273964672,45057087,0.0,1.0,1,0.1767969379901961,0.14736411593137255,0.004092238480392085,0.018627119362745054
2024-05-09,0.1526326818181818,0.1147543181818182,AAPL,182.56,184.66,182.11,184.57,184.106680177626,48982972,0.0,1.0,0,0.17266934859625668,0.13385495532531197,-0.02003666677807489,-0.019100637143493776
2024-05-10,0.2006358214285714,0.1495356785714285,AAPL,184.9,185.09,182.13,183.05,182.83986821563,50759496,0.25,1.0,1,0.17805255990578048,0.14342707734912144,0.022583261522790915,0.006108601222307053
2024-05-13,0.1601621428571428,0.1116631428571428,AAPL,185.435,187.1,184.62,186.28,186.066160345303,72044809,0.0,1.0,1,0.17114354870129866,0.12531771320346316,-0.010981405844155856,-0.013654570346320366
2024-05-14,0.1865181428571428,0.1171943333333333,AAPL,187.51,188.3,186.29,187.43,187.214840205712,52393619,0.0,1.0,1,0.18243870238095236,0.12613105158730153,0.004079440476190438,-0.008936718253968232
2024-05-15,0.1764477619047619,0.0630002857142857,AAPL,187.91,190.65,187.37,189.72,189.502211406006,70399988,0.0,1.0,1,0.17437601587301585,0.09728592063492063,0.0020717460317460634,-0.034285634920634925
2024-05-16,0.1833019523809523,0.027245619047619,AAPL,190.47,191.095,189.6601,189.84,189.62207365231,52845230,0.0,1.0,1,0.18208928571428565,0.06914674603174602,0.0012126666666666397,-0.04190112698412701
2024-05-17,0.2063809411764705,0.1402755294117647,AAPL,189.51,190.81,189.18,189.87,189.652039213886,41282925,0.0,1.0,1,0.18871021848739492,0.07684047805788981,0.017670722689075574,0.06343505135387488
2024-05-20,0.2047131388888888,0.1395997222222222,AAPL,189.325,191.9199,189.01,191.04,190.820696115346,44361275,0.0,1.0,1,0.1981320108154372,0.10237362356053531,0.006581128073451625,0.037226098661686885
2024-05-21,0.1669715833333333,0.113595875,AAPL,191.09,192.73,190.9201,192.35,192.12919230416,42309401,0.0,1.0,0,0.1926885544662309,0.13115704221132898,-0.025716971132897587,-0.017561167211328985
2024-05-22,0.1881310357142857,0.0840301071428571,AAPL,192.265,192.8231,190.27,190.9,190.680856827992,34648547,0.0,1.0,0,0.18660525264550262,0.11240856812169313,0.0015257830687830654,-0.028378460978836034
2024-05-23,0.181574,0.1539527307692307,AAPL,190.98,191.0,186.625,186.88,186.665471576821,51005924,0.0,1.0,1,0.17889220634920636,0.11719290430402929,0.002681793650793657,0.0367598264652014
2024-05-24,0.1837123333333333,0.1566217142857142,AAPL,188.82,190.58,188.0404,189.98,189.761912939664,36326975,0.0,1.0,1,0.18447245634920637,0.13153485073260066,-0.0007601230158730543,0.025086863553113542
2024-05-28,0.1993267307692307,0.1965931538461538,AAPL,191.51,193.0,189.1,189.99,189.771901460189,52280051,0.0,1.0,1,0.1882043547008547,0.16905586630036626,0.011122376068375989,0.027537287545787548
2024-05-29,0.1861603333333333,0.1424958148148148,AAPL,189.61,192.247,189.51,190.29,190.071557075948,53068016,0.0,1.0,1,0.18973313247863244,0.16523689431556096,-0.003572799145299149,-0.022741079500746164
2024-05-30,0.1560894666666666,0.1108827,AAPL,190.76,192.18,190.63,191.29,191.070409128478,49947941,0.0,1.0,1,0.1805255102564102,0.14999055622032287,-0.024436043589743606,-0.03910785622032287
2024-05-31,0.1542232499999999,0.1316058,AAPL,191.44,192.57,189.91,192.25,192.029307098907,75158277,0.0,1.0,1,0.1654910166666666,0.12832810493827163,-0.011267766666666706,0.0032776950617283696
2024-06-03,0.2019313636363636,0.1340465909090909,AAPL,192.9,194.99,192.52,194.03,193.807263752411,50080539,0.0,1.0,1,0.17074802676767672,0.125511696969697,0.03118333686868688,0.008534893939393912
2024-06-04,0.20488312,0.1589446,AAPL,194.635,195.32,193.0342,194.35,194.12689640922,47471445,0.0,1.0,1,0.18701257787878786,0.14153233030303033,0.01787054212121214,0.017412269696969657
2024-06-05,0.1967023913043478,0.165902,AAPL,195.4,196.9,194.87,195.87,195.645151529066,54156785,0.0,1.0,0,0.20117229164690384,0.152964396969697,-0.004469900342556038,0.012937603030303002
2024-06-06,0.1902595588235294,0.1618541470588235,AAPL,195.685,196.5,194.17,194.48,194.256747176049,41181753,0.0,1.0,1,0.19728169004262575,0.1622335823529412,-0.007022131219096339,-0.00037943529411768595
2024-06-07,0.1999236774193548,0.1398063870967742,AAPL,194.65,196.94,194.14,196.89,196.663980622647,53103912,0.0,1.0,0,0.19562854251574402,0.15585417805186594,0.0042951349036107755,-0.016047790955091734
2024-06-10,0.2300109111111111,0.2065477111111111,AAPL,196.9,197.3,192.15,193.12,192.898308384608,97262077,0.0,1.0,1,0.2067313824513318,0.16940274842223632,0.02327952865977931,0.037144962688874766
2024-06-11,0.1941821964285714,0.2143843928571428,AAPL,193.65,207.16,193.63,207.15,206.912202681605,172373296,0.0,1.0,1,0.2080389283196791,0.18691283035500939,-0.013856731891107699,0.027471562502133423
2024-06-12,0.1912372931034482,0.2092176379310344,AAPL,207.37,220.2,206.9,213.07,212.825406832583,198134293,0.0,1.0,1,0.20514346688104357,0.21004991396642944,-0.013906173777595371,-0.0008322760353950409
2024-06-13,0.2188417777777777,0.2006510833333333,AAPL,214.74,216.75,211.6,214.24,213.994063734044,97862729,0.0,1.0,0,0.2014204224365991,0.20808437137383687,0.017421355341178585,-0.007433288040503555
2024-06-14,0.1816067499999999,0.16501965,AAPL,213.85,215.17,211.3,212.49,212.246072642116,70122748,0.0,1.0,1,0.19722860696040864,0.1916294570881226,-0.015621856960408742,-0.026609807088122606
2024-06-17,0.2147158857142857,0.1824130571428571,AAPL,213.37,218.95,212.72,216.67,216.421274221692,93728300,0.0,1.0,0,0.20505480449735447,0.18269459682539682,0.009661081216931239,-0.0002815396825397165
2024-06-18,0.2177161,0.202064275,AAPL,217.59,218.63,213.0,214.29,214.04400633667,79943254,0.0,1.0,0,0.20467957857142857,0.18316566071428572,0.013036521428571424,0.018898614285714266
2024-06-20,0.2110184358974358,0.1644195128205128,AAPL,213.93,214.24,208.85,209.68,209.439298374506,86172451,0.0,1.0,0,0.21448347387057387,0.18296561498779,-0.0034650379731380743,-0.0185461021672772
2024-06-21,0.1919435588235294,0.1048028235294117,AAPL,210.39,211.89,207.11,207.49,207.251812379466,246421353,0.0,1.0,1,0.20689269824032175,0.1570955371166415,-0.01494913941679235,-0.05229271358722981
2024-06-24,0.184213875,0.16147109375,AAPL,207.72,212.7,206.59,208.14,207.90106621361,80727006,0.0,1.0,1,0.19572528990698843,0.14356447669997485,-0.011511414906988426,0.017906617050025136
2024-06-25,0.18735125,0.1298458125,AAPL,209.15,211.38,208.61,209.07,208.829998622463,56713868,0.0,1.0,1,0.1878362279411765,0.13203990992647055,-0.0004849779411764954,-0.0021940974264705593
2024-06-26,0.2229273793103448,0.195938448275862,AAPL,211.5,214.86,210.64,213.25,213.005200202039,66213186,0.0,1.0,1,0.19816416810344828,0.16241845150862066,0.024763211206896507,0.03351999676724132
2024-06-27,0.2233675454545454,0.1420007272727272,AAPL,214.69,215.7395,212.35,214.1,213.854224446689,49772707,0.0,1.0,0,0.21121539158829675,0.15592832934952974,0.012152153866248655,-0.013927602076802548
2024-06-28,0.2057683333333333,0.1879998095238095,AAPL,215.77,216.07,210.3,210.62,210.378219303885,82542718,0.0,1.0,1,0.2173544193660745,0.17531299502413292,-0.011586086032741194,0.012686814499676596
2024-07-01,0.18149065,0.14234145,AAPL,212.09,217.51,211.92,216.75,216.501182385894,60402929,0.0,1.0,1,0.20354217626262627,0.15744732893217894,-0.02205152626262627,-0.015105878932178934
2024-07-02,0.2174680967741935,0.2113022258064516,AAPL,216.15,220.38,215.1,220.27,220.0171416108,58046178,0.0,1.0,1,0.2015756933691756,0.1805478284434204,0.01589240340501788,0.030754397363031205
2024-07-03,0.2808335,0.2370622083333333,AAPL,220.0,221.55,219.03,221.55,221.295672238038,37369801,0.0,1.0,1,0.22659741559139787,0.19690196137992833,0.05423608440860214,0.04016024695340498
2024-07-05,0.2095915666666666,0.1319013333333333,AAPL,221.65,226.45,221.65,226.34,226.080173569657,60412408,0.0,1.0,1,0.23596438781362006,0.19342192249103943,-0.026372821146953468,-0.06152058915770614
2024-07-08,0.19385012,0.18272316,AAPL,227.09,227.85,223.25,227.82,227.558474607402,59085861,0.0,1.0,1,0.22809172888888887,0.18389556722222222,-0.034241608888888886,-0.001172407222222227
2024-07-09,0.2201025217391304,0.1253168260869565,AAPL,227.93,229.4,226.3721,228.68,228.417487372578,48169822,0.0,1.0,1,0.20784806946859902,0.14664710647342993,0.012254452270531374,-0.021330280386473444
2024-07-10,0.2041984838709677,0.1732223548387096,AAPL,229.3,233.08,229.25,232.98,232.712551198457,62627687,0.0,1.0,0,0.20605037520336608,0.16042078030855536,-0.001851891332398381,0.012801574530154236
2024-07-11,0.1943746296296296,0.1412532962962963,AAPL,231.39,232.39,225.77,227.57,227.308761594269,64710617,0.0,1.0,1,0.20622521174657593,0.1465974924073208,-0.01185058211694634,-0.005344196111024518
2024-07-12,0.17579825,0.1685993,AAPL,228.92,232.64,228.68,230.54,230.275352190284,53046527,0.0,1.0,1,0.19145712116686578,0.16102498371166865,-0.01565887116686579,0.007574316288331356
2024-07-15,0.23395972,0.15911536,AAPL,236.48,237.23,233.09,234.4,234.13092111305,62631252,0.0,1.0,1,0.20137753320987659,0.15632265209876547,0.032582186790123424,0.002792707901234537
2024-07-16,0.2204678518518518,0.1629410740740741,AAPL,235.0,236.27,232.33,234.82,234.550438975112,43234278,0.0,1.0,0,0.21007527395061731,0.16355191135802472,0.01039257790123449,-0.000610837283950616
2024-07-17,0.1980181666666666,0.0888858666666666,AAPL,229.45,231.4599,226.64,228.88,228.617257783084,57345884,0.0,1.0,0,0.21748191283950616,0.13698076691358027,-0.019463746172839552,-0.048094900246913666
2024-07-18,0.2187899090909091,0.1762153181818181,AAPL,230.28,230.44,222.27,224.18,223.922653136193,66034585,0.0,1.0,1,0.21242530920314254,0.14268075297418628,0.006364599887766553,0.03353456520763182
2024-07-19,0.2380460454545454,0.1413148636363636,AAPL,224.82,226.8,223.275,224.31,224.052503903021,49151453,0.0,1.0,0,0.2182847070707071,0.1354720161616161,0.01976133838383831,0.005842847474747503
2024-07-22,0.2112394,0.1599679,AAPL,227.01,227.78,223.09,223.96,223.702905684636,48201835,0.0,1.0,1,0.22269178484848487,0.15916602727272725,-0.011452384848484876,0.000801872727272751
2024-07-23,0.2101655384615384,0.1769307307692307,AAPL,224.365,226.94,222.68,225.01,224.751700339792,39960260,0.0,1.0,0,0.21981699463869464,0.1594044981351981,-0.009651456177156237,0.01752623263403258
2024-07-24,0.1868825925925925,0.1576551851851851,AAPL,224.0,224.8,217.13,218.54,218.289127559923,61777576,0.0,1.0,0,0.20276251035137696,0.1648512719848053,-0.015879917758784473,-0.007196086799620194
2024-07-25,0.1723864137931034,0.092656448275862,AAPL,218.93,220.85,214.62,217.49,217.240332904766,51391199,0.0,1.0,1,0.18981151494907814,0.1424141214100926,-0.01742510115597473,-0.0497576731342306
2024-07-26,0.1830989677419355,0.1081509354838709,AAPL,218.7,219.49,216.01,217.96,217.709793369455,41601345,0.0,1.0,1,0.1807893247092105,0.11948752298163935,0.0023096430327249895,-0.011336587497768447
2024-07-29,0.1606510731707316,0.0999219756097561,AAPL,216.96,219.3,215.75,218.24,217.989471944164,36311778,0.0,1.0,1,0.17204548490192353,0.1002431197898297,-0.011394411731191934,-0.00032114418007359036
2024-07-30,0.1703927741935483,0.1587037419354838,AAPL,219.19,220.325,216.12,218.8,218.548829093581,41643840,0.0,1.0,1,0.1713809383687385,0.12225888434303696,-0.0009881641751901815,0.03644485759244685
2024-07-31,0.14674176,0.10917928,AAPL,221.44,223.82,220.63,222.08,221.825063825879,50036262,0.0,1.0,0,0.15926186912142667,0.12260166584841332,-0.012520109121426676,-0.01342238584841332
2024-08-01,0.21085625,0.1998631428571428,AAPL,224.37,224.48,217.02,218.36,218.109334190467,62500996,0.0,1.0,1,0.17599692806451617,0.1559153882642089,0.03485932193548383,0.0439477545929339
2024-08-02,0.173259606060606,0.2085592727272727,AAPL,219.15,225.6,217.71,219.86,219.607612269263,105568560,0.0,1.0,0,0.1769525386868687,0.17253389852813852,-0.0036929326262626905,0.03602537419913418
2024-08-05,0.07011728,0.12602412,AAPL,199.09,213.5,196.0,209.27,209.029769032969,119548589,0.0,1.0,0,0.15141104535353536,0.1781488451948052,-0.08129376535353536,-0.05212472519480521
2024-08-06,0.0686950799999999,0.0471922799999999,AAPL,205.3,209.99,201.07,207.23,206.992110845808,69660488,0.0,1.0,1,0.10402398868686867,0.12725855757575755,-0.035328908686868776,-0.08006627757575766
2024-08-07,0.1701325714285714,0.115246238095238,AAPL,206.9,213.64,206.39,209.82,209.579137661861,63516417,0.0,1.0,1,0.10298164380952379,0.09615421269841266,0.06715092761904762,0.019092025396825335
2024-08-08,0.1533243076923077,0.0759658076923076,AAPL,213.11,214.2,208.83,213.31,213.065131325191,47161149,0.0,1.0,1,0.13071731970695968,0.07946810859584852,0.02260698798534802,-0.0035023009035409225
2024-08-09,0.2003588,0.0721059,AAPL,212.1,216.78,211.97,216.24,215.991767839104,42201646,0.0,1.0,1,0.1746052263736264,0.08777264859584855,0.025753573626373594,-0.015666748595848545
2024-08-12,0.1724397058823529,0.1399177647058823,AAPL,216.07,219.5099,215.6,217.53,217.53,38028092,0.25,1.0,1,0.17537427119155358,0.09599649079939665,-0.002934565309200665,0.04392127390648565
2024-08-13,0.2314496428571428,0.2600642857142857,AAPL,219.01,221.89,219.01,221.27,221.27,44155331,0.0,1.0,1,0.20141604957983195,0.15736265014005602,0.030033593277310866,0.10270163557422968
2024-08-14,0.1541015384615384,0.1279433076923077,AAPL,220.57,223.03,219.7,221.72,221.72,41960574,0.0,1.0,1,0.18599696240034472,0.17597511937082524,-0.03189542393880632,-0.048031811678517555
2024-08-15,0.2160570588235294,0.1800729411764705,AAPL,224.6,225.35,222.76,224.72,224.72,46414013,0.0,1.0,1,0.20053608004740356,0.18936017819435466,0.015520978776125849,-0.00928723701788417
2024-08-16,0.198646,0.1250241333333333,AAPL,223.92,226.8271,223.6501,226.05,226.05,44340240,0.0,1.0,0,0.18960153242835598,0.1443467940673705,0.00904446757164401,-0.01932266073403721
2024-08-19,0.221551294117647,0.1701926470588235,AAPL,225.72,225.99,223.04,225.89,225.89,40687813,0.0,1.0,1,0.2120847843137255,0.15842990718954245,0.009466509803921525,0.011762739869281058
2024-08-20,0.2103715384615384,0.0904021538461538,AAPL,225.77,227.17,225.45,226.51,226.51,30299033,0.0,1.0,0,0.21018961085972845,0.12853964474610355,0.00018192760180993361,-0.03813749089994975
2024-08-21,0.2000255833333333,0.1482285833333333,AAPL,226.52,227.98,225.05,226.4,226.4,34765480,0.0,1.0,0,0.2106494719708396,0.13627446141277022,-0.010623888637506296,0.011954121920563082
2024-08-22,0.1984725625,0.11106675,AAPL,227.79,228.34,223.9,224.53,224.53,43695321,0.0,1.0,1,0.2029565614316239,0.11656582905982905,-0.004483998931623906,-0.005499079059829048
2024-08-23,0.1741394545454545,0.1754630909090909,AAPL,225.6589,228.22,224.33,226.84,226.84,38677250,0.0,1.0,1,0.1908792001262626,0.14491947474747477,-0.016739745580808124,0.030543616161616133
2024-08-26,0.2180014210526315,0.1938367368421052,AAPL,226.76,227.28,223.8905,227.18,227.18,30602208,0.0,1.0,1,0.19687114603269537,0.16012219258373206,0.02113027501993614,0.03371454425837314
2024-08-27,0.2095164166666666,0.1254885416666666,AAPL,225.995,228.85,224.89,228.03,228.03,35934559,0.0,1.0,0,0.20055243075491755,0.16492945647262092,0.008963985911749045,-0.039440914805954325
2024-08-28,0.2230303225806451,0.1192149032258064,AAPL,227.92,229.86,225.68,226.49,226.49,38052167,0.0,1.0,1,0.21684938676664778,0.14618006057819274,0.0061809358139973125,-0.026965157352386346
2024-08-29,0.2309843076923076,0.1620604615384615,AAPL,230.1,232.92,228.88,229.79,229.79,51906297,0.0,1.0,0,0.2211770156465398,0.13558796881031152,0.009807292045767801,0.02647249272814997
2024-08-30,0.2327151666666666,0.1880945555555555,AAPL,230.19,230.4,227.48,229.0,229.0,52990770,0.0,1.0,0,0.22890993231320644,0.15645664010660784,0.0038052343534601685,0.031637915448947646
2024-09-03,0.2106464615384615,0.0844258461538461,AAPL,228.55,229.0,221.17,222.77,222.77,50190574,0.0,1.0,0,0.2247819786324786,0.14486028774928772,-0.014135517094017086,-0.06043444159544162
2024-09-04,0.1798314615384615,0.1362063076923077,AAPL,221.66,221.78,217.48,220.85,220.85,43262758,0.0,1.0,1,0.20773102991452988,0.13624223646723646,-0.027899568376068384,-3.5928774928750684e-05
2024-09-05,0.2265555625,0.1588605625,AAPL,221.625,225.48,221.52,222.38,222.38,36615398,0.0,1.0,0,0.205677828525641,0.12649757211538462,0.020877733974358992,0.032362990384615375
2024-09-06,0.2073359166666666,0.1751034166666666,AAPL,223.95,225.24,219.77,220.82,220.82,48423011,0.0,1.0,1,0.20457431356837605,0.1567234289529915,0.0027616030982905437,0.018379987713675106
2024-09-09,0.2172143333333333,0.1795038181818181,AAPL,220.82,221.27,216.71,220.91,220.91,67179965,0.0,1.0,0,0.21703527083333332,0.17115593244949492,0.0001790624999999657,0.008347885732323174
2024-09-10,0.2059512432432432,0.1885963243243243,AAPL,218.92,221.48,216.73,220.11,220.11,51591033,0.0,1.0,1,0.2101671644144144,0.181067853057603,-0.0042159211711712,0.007528471266721293
2024-09-11,0.1924132857142857,0.1561202857142857,AAPL,221.455,223.09,217.89,222.66,222.66,44587072,0.0,1.0,1,0.20519295409695407,0.1747401427401427,-0.012779668382668363,-0.018619857025857
2024-09-12,0.2153550909090909,0.2307277272727272,AAPL,222.5,223.55,219.82,222.77,222.77,37498225,0.0,1.0,0,0.20457320662220665,0.1918147791037791,0.010781884286884258,0.03891294816894811
2024-09-13,0.2175191666666666,0.1699292222222222,AAPL,223.58,224.04,221.91,222.5,222.5,36766619,0.0,1.0,0,0.2084291810966811,0.18559241173641175,0.009089985569985498,-0.015663189514189546
2024-09-16,0.195702652173913,0.1011325652173913,AAPL,216.54,217.22,213.92,216.32,216.32,59357427,0.0,1.0,1,0.2095256365832235,0.16726317157078027,-0.013822984409310513,-0.06613060635338898
2024-09-17,0.1914059,0.1260384,AAPL,215.75,216.9,214.5,216.79,216.79,45519339,0.0,1.0,1,0.20154257294685987,0.13236672914653785,-0.010136672946859882,-0.006328329146537859
2024-09-18,0.2243648181818182,0.2113514090909091,AAPL,217.55,222.71,217.54,220.69,220.69,59894928,0.0,1.0,1,0.20382445678524375,0.14617412476943348,0.020540361396574447,0.06517728432147563
2024-09-19,0.1927861333333333,0.1227990666666666,AAPL,224.99,229.82,224.63,228.87,228.87,66781315,0.0,1.0,0,0.20285228383838386,0.15339629191919193,-0.010066150505050553,-0.03059722525252534
2024-09-20,0.1925140714285714,0.1622465714285714,AAPL,229.97,233.09,227.62,228.2,228.2,318679888,0.0,1.0,0,0.20322167431457436,0.1654656823953824,-0.010707602886002948,-0.0032191109668109896
2024-09-23,0.1618332352941176,0.056456294117647,AAPL,227.34,229.45,225.81,226.47,226.47,54146023,0.0,1.0,1,0.18237781335200745,0.11383397740429503,-0.02054457805788984,-0.05737768328664803
2024-09-24,0.2234996153846154,0.2147464615384615,AAPL,228.645,229.35,225.73,227.37,227.37,43556068,0.0,1.0,0,0.19261564070243486,0.14448310902822667,0.030883974682180543,0.07026335251023483
2024-09-25,0.1413687647058823,0.0953224117647058,AAPL,224.93,227.29,224.02,226.37,226.37,42308715,0.0,1.0,1,0.17556720512820512,0.12217505580693812,-0.03419844042232281,-0.026852644042232324
2024-09-26,0.2687080833333333,0.2038561666666666,AAPL,227.3,228.5,225.41,227.52,227.52,36636707,0.0,1.0,1,0.21119215447461034,0.17130834665661132,0.05751592885872295,0.03254782001005527
2024-09-27,0.2206835384615384,0.1363031538461538,AAPL,228.46,229.52,227.3,227.79,227.79,34025967,0.0,1.0,1,0.210253462166918,0.1451605774258421,0.010430076294620394,-0.0088574235796883
2024-09-30,0.1941978666666667,0.1324126666666666,AAPL,230.04,233.0,229.65,233.0,233.0,54793391,0.0,1.0,0,0.2278631628205128,0.1575239957264957,-0.033665296153846114,-0.0251113290598291
2024-10-01,0.1920594782608695,0.1098752608695652,AAPL,229.52,229.65,223.74,226.21,226.21,63285048,0.0,1.0,1,0.2023136277963582,0.1261970271274619,-0.010254149535488699,-0.01632176625789669
2024-10-02,0.1929745,0.1634529444444444,AAPL,225.89,227.37,223.02,226.78,226.78,32880605,0.0,1.0,0,0.19307728164251206,0.1352469573268921,-0.00010278164251206756,0.02820598711755229
2024-10-03,0.1913899285714285,0.0830471428571428,AAPL,225.14,226.805,223.32,225.67,225.67,34044158,0.0,1.0,1,0.19214130227743267,0.1187917827237175,-0.0007513737060041714,-0.035744639866574696
2024-10-04,0.1779577692307692,0.1261301538461538,AAPL,227.9,228.0,224.13,226.8,226.8,37345098,0.0,1.0,0,0.18744073260073257,0.12421008038258036,-0.009482963369963376,0.0019200734635734518
2024-10-07,0.1782276666666666,0.0400295555555555,AAPL,224.5,225.69,221.33,221.69,221.69,39505354,0.0,1.0,1,0.18252512148962144,0.08306895075295073,-0.004297454822954849,-0.04303939519739523
2024-10-08,0.1994018846153846,0.1648450769230769,AAPL,224.3,225.98,223.25,225.77,225.77,31855693,0.0,1.0,1,0.1851957735042735,0.11033492877492874,0.014206111111111114,0.054510148148148155
2024-10-09,0.2023750588235294,0.1307438823529411,AAPL,225.23,229.75,224.83,229.54,229.54,33591091,0.0,1.0,0,0.19333487003519356,0.11187283827719119,0.009040188788335846,0.01887104407574991
2024-10-10,0.1484523999999999,0.1376363,AAPL,227.78,229.5,227.17,229.04,229.04,28183544,0.0,1.0,0,0.18340978114630466,0.1444084197586727,-0.034957381146304756,-0.006772119758672701
2024-10-11,0.2160049,0.2116673999999999,AAPL,229.3,229.41,227.34,227.55,227.55,31759188,0.0,1.0,1,0.1889441196078431,0.16001586078431368,0.027060780392156897,0.051651539215686215
2024-10-14,0.2350833684210526,0.1507092105263158,AAPL,228.7,231.73,228.6,231.3,231.3,39882085,0.0,1.0,1,0.1998468894736842,0.1666709701754386,0.035236478947368394,-0.015961759649122803
2024-10-15,0.2104494444444444,0.1282541111111111,AAPL,233.61,237.49,232.37,233.85,233.85,64751367,0.0,1.0,0,0.22051257095516566,0.16354357387914228,-0.010063126510721249,-0.03528946276803119
2024-10-16,0.2029269999999999,0.1043041363636363,AAPL,231.6,232.12,229.84,231.78,231.78,34082240,0.0,1.0,1,0.21615327095516568,0.12775581933368776,-0.013226270955165764,-0.02345168297005147
2024-10-17,0.2313492272727272,0.1852400454545454,AAPL,233.43,233.85,230.52,232.15,232.15,32993810,0.0,1.0,1,0.21490855723905722,0.1392660976430976,0.016440670033669974,0.045973947811447785
2024-10-18,0.19620975,0.12331865,AAPL,236.18,236.18,234.01,235.0,235.0,46431472,0.0,1.0,1,0.21016199242424238,0.13762094393939392,-0.013952242424242395,-0.014302293939393917
2024-10-21,0.2269526956521739,0.1959475652173913,AAPL,234.45,236.85,234.45,236.48,236.48,36254470,0.0,1.0,0,0.21817055764163373,0.16816875355731223,0.008782138010540175,0.02777881166007906
2024-10-22,0.2058665789473684,0.1635576842105263,AAPL,233.885,236.22,232.6,235.86,235.86,38846578,0.0,1.0,0,0.2096763415331808,0.16094129980930588,-0.003809762585812393,0.0026163844012204174
2024-10-23,0.1828995925925925,0.0873231851851851,AAPL,234.08,235.144,227.76,230.76,230.76,52286979,0.0,1.0,0,0.20523962239737828,0.14894281153770092,-0.022340029804785777,-0.06161962635251582
2024-10-24,0.1856211666666666,0.1221958888888889,AAPL,229.98,230.82,228.41,230.57,230.57,31109503,0.0,1.0,1,0.19146244606887586,0.12435891942820011,-0.005841279402209271,-0.002163030539311217
2024-10-25,0.2472175,0.1910540909090909,AAPL,229.74,233.22,229.57,231.41,231.41,38802304,0.0,1.0,1,0.20524608641975306,0.13352438832772165,0.04197141358024695,0.057529702581369246
2024-10-28,0.2193233055555555,0.1731728888888889,AAPL,233.32,234.73,232.55,233.4,233.4,36087134,0.0,1.0,1,0.21738732407407405,0.16214095622895625,0.0019359814814814413,0.011031932659932658
2024-10-29,0.2371191,0.20584805,AAPL,233.1,234.325,232.32,233.67,233.67,35417247,0.0,1.0,0,0.23455330185185186,0.19002500993265994,0.0025657981481481407,0.01582304006734006
2024-10-30,0.2021084782608695,0.098658652173913,AAPL,232.61,233.47,229.55,230.1,230.1,47070907,0.0,1.0,0,0.2195169612721417,0.15922653035426734,-0.017408483011272208,-0.06056787818035435
2024-10-31,0.1998337333333333,0.1408346666666666,AAPL,229.34,229.83,225.37,225.91,225.91,64370086,0.0,1.0,0,0.21302043719806762,0.14844712294685988,-0.013186703864734334,-0.007612456280193275
2024-11-01,0.1887644,0.17930624,AAPL,220.965,225.35,220.27,222.91,222.91,65276741,0.0,1.0,0,0.19690220386473425,0.1395998529468599,-0.008137803864734255,0.03970638705314011
