date,overall_sentiment_score,ticker_sentiment_score,ticker,open,high,low,close,adjusted_close,volume,dividend_amount,split_coefficient,price_movement
2022-03-01,-0.27746,-0.24775,AAPL,164.695,166.6,161.97,163.2,160.956402696,83474425,0.0,1.0,1
2022-03-02,-0.482449,-0.4490195,AAPL,164.39,167.36,162.95,166.56,164.2702109868,79724750,0.0,1.0,0
2022-03-03,-0.047581000000000005,-0.08359666666666667,AAPL,168.47,168.91,165.55,166.23,163.944747672525,76678441,0.0,1.0,0
2022-03-04,0.04104985714285714,0.04897271428571429,AAPL,164.49,165.55,162.1,163.17,160.926815121975,83819592,0.0,1.0,0
2022-03-07,-0.022204478260869565,-6.478260869569283e-06,AAPL,163.36,165.02,159.04,159.3,157.11001807275,96418845,0.0,1.0,0
2022-03-08,0.0003616785714285733,-0.014650250000000002,AAPL,158.82,162.88,155.8,157.44,155.2755884832,131148280,0.0,1.0,1
2022-03-09,-0.010790133333333335,0.01987493333333333,AAPL,161.475,163.41,159.41,162.95,160.709839579125,91454905,0.0,1.0,0
2022-03-10,-0.07537439130434782,-0.11189343478260869,AAPL,160.2,160.39,155.98,158.52,156.3407411481,105342033,0.0,1.0,0
2022-03-11,0.027419133333333335,0.04932866666666666,AAPL,158.93,159.28,154.5,154.73,152.602844296275,96970102,0.0,1.0,0
2022-03-14,-0.11340207843137255,-0.1562148431372549,AAPL,151.45,154.12,150.1,150.62,148.54934665485,108732111,0.0,1.0,1
2022-03-15,-0.021256166666666666,-0.03933346666666667,AAPL,150.9,155.57,150.38,155.09,152.957895184575,92964302,0.0,1.0,1
2022-03-16,0.015982600000000003,0.040162833333333335,AAPL,157.05,160.0,154.46,159.59,157.396031288325,102300157,0.0,1.0,1
2022-03-17,-0.0054457317073170735,0.032984487804878046,AAPL,158.61,161.0,157.63,160.62,158.41187132985,75615376,0.0,1.0,1
2022-03-18,0.02513528571428571,0.05623011428571428,AAPL,160.51,164.48,159.76,163.98,161.72567962065,122055535,0.0,1.0,1
2022-03-21,-0.06759120930232558,-0.06579332558139535,AAPL,163.51,166.35,163.015,165.38,163.10643307515,89029269,0.0,1.0,1
2022-03-22,0.0064684411764705865,0.023565735294117648,AAPL,165.51,169.42,164.91,168.82,166.49914156335,80979755,0.0,1.0,1
2022-03-23,-0.00543759523809524,0.0277225,AAPL,167.99,172.64,167.65,170.21,167.870032493175,98062674,0.0,1.0,1
2022-03-24,-0.00270895652173913,-0.009986521739130434,AAPL,171.06,174.14,170.21,174.07,171.676967017725,90131418,0.0,1.0,1
2022-03-25,-0.022589333333333333,0.04250169047619048,AAPL,173.88,175.28,172.75,174.72,172.3180311216,80281664,0.0,1.0,1
2022-03-28,-0.014623051724137933,-0.0468018275862069,AAPL,172.17,175.73,172.0,175.6,173.185933293,90371916,0.0,1.0,1
2022-03-29,-0.020372760869565215,-0.005428152173913041,AAPL,176.69,179.01,176.34,178.96,176.4997415838,100589440,0.0,1.0,0
2022-03-30,0.027978883333333333,0.052759600000000004,AAPL,178.55,179.61,176.7,177.77,175.326101147475,92633154,0.0,1.0,0
2022-03-31,-0.01819972727272727,-0.020627772727272727,AAPL,177.84,178.03,174.4,174.61,172.209543350175,103049285,0.0,1.0,0
2022-04-01,-0.023533666666666668,-0.07284556410256411,AAPL,174.03,174.88,171.94,174.31,171.913667609925,78751328,0.0,1.0,1
2022-04-04,0.020173194444444445,-0.02099947222222222,AAPL,174.57,178.49,174.44,178.44,175.9868903007,76545983,0.0,1.0,0
2022-04-05,-0.005372724137931034,0.04037651724137931,AAPL,177.5,178.3,174.415,175.06,172.65335696055,70902999,0.0,1.0,0
2022-04-06,-0.018605655172413797,0.023132103448275862,AAPL,172.36,173.63,170.13,171.83,169.467761490525,89058782,0.0,1.0,1
2022-04-07,-0.02453642857142857,-0.040989833333333336,AAPL,171.16,173.36,169.85,172.14,169.77349975545,77594650,0.0,1.0,0
2022-04-08,-0.02275976923076923,-0.0019300000000000007,AAPL,171.78,171.78,169.2,170.09,167.751682197075,76575508,0.0,1.0,0
2022-04-11,-0.06503706060606061,-0.04648930303030303,AAPL,168.71,169.03,165.5,165.75,163.471346488125,72246706,0.0,1.0,1
2022-04-12,-0.0789990625,-0.07299385416666666,AAPL,168.02,169.87,166.64,167.66,165.35508870105,79265181,0.0,1.0,1
2022-04-13,0.0083245,-0.027594117647058825,AAPL,167.39,171.04,166.77,170.4,168.057420462,70618925,0.0,1.0,0
2022-04-14,-0.04765636585365854,-0.12486856097560975,AAPL,170.62,171.27,165.04,165.29,163.017670353075,75329376,0.0,1.0,0
2022-04-18,-0.04041360606060606,-0.06622609090909092,AAPL,163.92,166.5984,163.57,165.07,162.800694810225,69023941,0.0,1.0,1
2022-04-19,-0.044146060606060605,-0.08355021212121212,AAPL,165.02,167.82,163.91,167.4,165.0986630595,67723833,0.0,1.0,0
2022-04-20,-0.047123447368421056,-0.019574684210526317,AAPL,168.76,168.88,166.1,167.23,164.931000140025,67718110,0.0,1.0,0
2022-04-21,-0.014201170731707319,-0.014939121951219513,AAPL,168.91,171.53,165.91,166.42,164.13213564135,87227768,0.0,1.0,0
2022-04-22,-0.03562686956521739,-0.026224065217391304,AAPL,166.46,167.8699,161.5,161.79,159.565786716825,84882424,0.0,1.0,1
2022-04-25,-0.08292533333333334,-0.07905719607843137,AAPL,161.12,163.17,158.46,162.88,160.6408019064,96046376,0.0,1.0,0
2022-04-26,-0.05226811428571429,-0.050823457142857145,AAPL,162.25,162.34,156.72,156.8,154.644386904,94008394,0.0,1.0,0
2022-04-27,-0.10927439534883722,-0.13009520930232557,AAPL,155.91,159.79,155.38,156.57,154.417548836475,88063191,0.0,1.0,1
2022-04-28,-0.0623372794117647,-0.012857764705882352,AAPL,159.25,164.515,158.93,163.64,161.3903537817,130216792,0.0,1.0,0
2022-04-29,-0.09251510144927537,-0.07219246376811594,AAPL,161.84,166.2,157.25,157.65,155.482701501375,131747571,0.0,1.0,1
2022-05-02,-0.11953333333333334,-0.07051309523809525,AAPL,156.71,158.23,153.27,157.96,155.7884397663,123055265,0.0,1.0,1
2022-05-03,-0.0616411875,-0.11542000000000001,AAPL,158.15,160.71,156.32,159.48,157.2875435169,88966526,0.0,1.0,1
2022-05-04,-0.013960586206896549,0.014885517241379313,AAPL,159.67,166.48,159.26,166.02,163.73763465435,107521649,0.0,1.0,0
2022-05-05,-0.12514211111111112,-0.1416876388888889,AAPL,163.85,164.08,154.95,156.77,154.614799329975,130525275,0.0,1.0,1
2022-05-06,-0.09275993548387096,-0.06675325806451614,AAPL,156.01,159.44,154.18,157.28,155.344626155925,116124647,0.23,1.0,0
2022-05-09,-0.11614000000000001,-0.14783018750000002,AAPL,154.925,155.83,151.49,152.06,150.188859697799,131577921,0.0,1.0,1
2022-05-10,-0.08506757142857142,-0.07645991428571429,AAPL,155.52,156.74,152.93,154.51,152.608711771057,115366736,0.0,1.0,0
2022-05-11,-0.057085866666666665,-0.04310153333333334,AAPL,153.5,155.45,145.81,146.5,144.697277033589,142689825,0.0,1.0,0
2022-05-12,-0.09463306896551724,-0.10129910344827586,AAPL,142.77,146.2,138.8,142.56,140.805759821901,182602041,0.0,1.0,1
2022-05-13,-0.029328512820512815,0.005622,AAPL,144.59,148.105,143.11,147.11,145.299770815094,113990852,0.0,1.0,0
2022-05-16,-0.0624472962962963,-0.03900559259259259,AAPL,145.55,147.5199,144.18,145.54,143.749090098762,86643781,0.0,1.0,1
2022-05-17,-0.04500714285714286,-0.06974874285714286,AAPL,148.86,149.77,146.68,149.24,147.403560576743,78336254,0.0,1.0,0
2022-05-18,-0.09682758536585366,-0.09133873170731707,AAPL,146.85,147.3601,139.9,140.82,139.087171002526,109742890,0.0,1.0,0
2022-05-19,-0.134366,-0.13680105,AAPL,139.88,141.66,136.6,137.35,135.659870311014,136095640,0.0,1.0,1
2022-05-20,-0.08541517142857143,-0.014350114285714283,AAPL,139.09,140.7,132.61,137.59,135.896917044721,137426125,0.0,1.0,1
2022-05-23,-0.02474424390243903,-0.055875341463414635,AAPL,137.79,143.26,137.65,143.11,141.348991919979,117726265,0.0,1.0,0
2022-05-24,-0.11313595348837209,-0.14479637209302323,AAPL,140.805,141.97,137.33,140.36,138.632831429588,104132746,0.0,1.0,1
2022-05-25,-0.06029871875,-0.07034618749999999,AAPL,138.43,141.785,138.34,140.52,138.790862585392,92482696,0.0,1.0,1
2022-05-26,-0.06486217391304348,-0.05266843478260869,AAPL,137.39,144.34,137.14,143.78,142.010747384911,90601548,0.0,1.0,1
2022-05-27,-0.052865760000000005,-0.048395679999999996,AAPL,145.39,149.68,145.26,149.64,147.798638466255,90978503,0.0,1.0,0
2022-05-31,-0.018223838709677417,0.0017394193548387086,AAPL,149.07,150.66,146.84,148.84,147.008482687232,103718416,0.0,1.0,0
2022-06-01,-0.029041115384615384,-0.031653230769230774,AAPL,149.9,151.74,147.68,148.71,146.880082373141,74286635,0.0,1.0,1
2022-06-02,-0.060251068965517234,-0.0450706551724138,AAPL,147.83,151.27,146.86,151.21,149.349319182587,72348055,0.0,1.0,0
2022-06-03,-0.09807844117647059,-0.07373011764705882,AAPL,146.9,147.97,144.46,145.38,143.591058942957,88570289,0.0,1.0,1
2022-06-06,-0.03278513725490196,-0.006898764705882351,AAPL,147.03,148.5689,144.9,146.14,144.341706933029,71598380,0.0,1.0,1
2022-06-07,-0.038259102564102566,0.015749230769230772,AAPL,144.345,149.0,144.1,148.71,146.880082373141,67808150,0.0,1.0,0
2022-06-08,-0.043481225,-0.013212925,AAPL,148.58,149.8697,147.46,147.96,146.139311330306,53950201,0.0,1.0,0
2022-06-09,-0.06476971428571428,0.0018782857142857132,AAPL,147.08,147.95,142.53,142.64,140.884775399803,69472976,0.0,1.0,0
2022-06-10,-0.08653636170212767,-0.15558559574468084,AAPL,140.28,140.76,137.06,137.13,135.442577471782,91566637,0.0,1.0,0
2022-06-13,-0.11851675862068965,-0.11148896551724138,AAPL,132.87,135.2,131.44,131.88,130.257180171944,122207099,0.0,1.0,1
2022-06-14,-0.045113459999999994,-0.05585319999999999,AAPL,133.13,133.89,131.48,132.76,131.126351528869,84784326,0.0,1.0,1
2022-06-15,-0.05511984375,-0.01411153125,AAPL,134.29,137.34,132.16,135.43,133.763496441358,91532972,0.0,1.0,0
2022-06-16,-0.12254716666666667,-0.14459725,AAPL,132.08,132.39,129.04,130.06,128.459575774666,107961508,0.0,1.0,1
2022-06-17,0.018777322580645156,0.06098422580645162,AAPL,130.065,133.079,129.81,131.56,129.941117860335,134520290,0.0,1.0,1
2022-06-21,-0.06361492307692308,-0.06665776923076924,AAPL,133.42,137.06,133.32,135.87,134.198082119821,81000488,0.0,1.0,0
2022-06-22,0.06425289285714285,0.07052821428571429,AAPL,134.79,137.76,133.91,135.35,133.684480863456,73409234,0.0,1.0,1
2022-06-23,-0.05923345454545454,-0.0695009090909091,AAPL,136.82,138.59,135.63,138.27,136.56854945689,72433768,0.0,1.0,1
2022-06-24,-0.047812999999999994,-0.06238389285714285,AAPL,139.9,141.91,139.77,141.66,139.9168345705,89116837,0.0,1.0,0
2022-06-27,-0.024252382352941172,-0.03889317647058824,AAPL,142.695,143.49,140.965,141.66,139.9168345705,70207908,0.0,1.0,0
2022-06-28,-0.123577125,-0.09889428125000001,AAPL,142.13,143.422,137.325,137.44,135.748762836154,67315328,0.0,1.0,1
2022-06-29,0.0029564545454545442,0.010777363636363635,AAPL,137.46,140.67,136.67,139.23,137.516736391718,66242411,0.0,1.0,0
2022-06-30,-0.06341130952380952,-0.028862452380952378,AAPL,137.25,138.37,133.7737,136.72,135.037622635033,98964467,0.0,1.0,1
2022-07-01,-0.09513491176470588,-0.07348717647058824,AAPL,136.04,139.04,135.66,138.93,137.220427974584,71051552,0.0,1.0,1
2022-07-05,-0.08013534615384615,-0.055703576923076925,AAPL,137.77,141.61,136.93,141.56,139.818065098122,73429641,0.0,1.0,1
2022-07-06,-0.043166600000000006,-0.01747706666666666,AAPL,141.355,144.12,141.08,142.92,141.161329922461,74064254,0.0,1.0,1
2022-07-07,-0.060759269230769235,-0.06120146153846154,AAPL,143.29,146.55,143.28,146.35,144.549122825023,66253709,0.0,1.0,1
2022-07-08,-0.037518944444444445,0.028866666666666665,AAPL,145.265,147.55,145.0,147.04,145.23063218443,64547798,0.0,1.0,0
2022-07-11,0.12179944827586207,0.0668391724137931,AAPL,145.67,146.64,143.78,144.87,143.08733463383,63305113,0.0,1.0,1
2022-07-12,0.11359414705882352,0.11310511764705881,AAPL,145.76,148.45,145.05,145.86,144.065152410371,77588759,0.0,1.0,0
2022-07-13,0.17891085185185182,0.10148862962962964,AAPL,142.99,146.45,142.1201,145.49,143.699705362573,71185560,0.0,1.0,1
2022-07-14,0.10999365517241379,0.157635,AAPL,144.08,148.95,143.25,148.47,146.643035639434,78140744,0.0,1.0,1
2022-07-15,0.1223116,0.09426664000000001,AAPL,149.78,150.86,148.2,150.17,148.322116669858,76259931,0.0,1.0,0
2022-07-18,0.177016,0.11466581818181817,AAPL,150.74,151.57,146.7,147.07,145.260263026143,81420868,0.0,1.0,1
2022-07-19,0.0994587659574468,0.07560614893617021,AAPL,147.92,151.23,146.91,151.0,149.141903290594,82982367,0.0,1.0,1
2022-07-20,0.12243299999999999,0.0865070975609756,AAPL,151.12,153.72,150.37,153.04,151.156800527103,64823413,0.0,1.0,1
2022-07-21,0.09175742857142857,0.08869092857142857,AAPL,154.5,155.57,151.94,155.35,153.438375339032,65086636,0.0,1.0,0
2022-07-22,0.09354502272727272,0.08431920454545455,AAPL,155.39,156.28,153.41,154.09,152.19387998707,66675408,0.0,1.0,0
2022-07-25,0.0955216862745098,0.08589801960784313,AAPL,154.01,155.04,152.28,152.95,151.067908001962,53623945,0.0,1.0,0
2022-07-26,0.07628969444444444,0.048600833333333336,AAPL,152.265,153.085,150.8,151.6,149.734520124861,55138691,0.0,1.0,1
2022-07-27,0.11700637837837838,0.11604029729729731,AAPL,152.58,157.33,152.16,156.79,154.860655741273,78620688,0.0,1.0,1
2022-07-28,0.10127469230769232,0.08562513846153846,AAPL,156.98,157.64,154.41,157.35,155.413764786589,81378731,0.0,1.0,1
2022-07-29,0.09775045205479452,0.16785619178082192,AAPL,161.24,163.63,159.5,162.51,160.510269561287,101786860,0.0,1.0,0
2022-08-01,0.132706,0.1727079411764706,AAPL,161.01,163.59,160.89,161.51,159.522574837509,67829379,0.0,1.0,0
2022-08-02,0.06919004166666667,0.030284125,AAPL,160.1,162.41,159.63,160.01,158.041032751841,59907025,0.0,1.0,1
2022-08-03,0.1583742142857143,0.16038164285714288,AAPL,160.84,166.59,160.75,166.13,164.085724461367,82507488,0.0,1.0,0
2022-08-04,0.1543878,0.12751656,AAPL,166.005,167.19,164.43,165.81,163.769662149757,55474144,0.0,1.0,0
2022-08-05,0.11589514285714285,0.0508394761904762,AAPL,163.21,165.85,163.0,165.35,163.542492363288,56696985,0.23,1.0,0
2022-08-08,0.08533870967741936,0.0729944193548387,AAPL,166.37,167.81,164.2,164.87,163.067739437166,60362338,0.0,1.0,1
2022-08-09,0.13385196774193547,0.11478661290322581,AAPL,164.02,165.82,163.25,164.92,163.11719286697,63135503,0.0,1.0,1
2022-08-10,0.1307936129032258,0.16697548387096775,AAPL,167.68,169.34,166.9,169.24,167.389969202074,70170540,0.0,1.0,0
2022-08-11,0.15452941935483872,0.08050596774193548,AAPL,170.06,170.99,168.19,168.49,166.648167755007,57149159,0.0,1.0,1
2022-08-12,0.13863934375,0.09571656249999999,AAPL,169.82,172.17,169.4,172.1,170.218705386888,68039382,0.0,1.0,1
2022-08-15,0.11569620689655172,0.13205634482758621,AAPL,171.52,173.39,171.345,173.19,171.296790156625,54091694,0.0,1.0,0
2022-08-16,0.1475632,0.11082464444444445,AAPL,172.78,173.71,171.6618,173.03,171.138539181251,56377050,0.0,1.0,1
2022-08-17,0.14754723529411765,0.17146435294117646,AAPL,172.77,176.15,172.57,174.55,172.641923447306,79542037,0.0,1.0,0
2022-08-18,0.12393855555555555,0.10239088888888889,AAPL,173.75,174.9,173.12,174.15,172.24629600887,62290075,0.0,1.0,0
2022-08-19,0.07712206896551725,0.050572275862068965,AAPL,173.03,173.74,171.3101,171.52,169.645045601156,70346295,0.0,1.0,0
2022-08-22,0.11184963333333334,0.10559386666666667,AAPL,169.69,169.86,167.135,167.57,165.738224646605,69026809,0.0,1.0,0
2022-08-23,0.12099545238095237,0.13189440476190478,AAPL,167.08,168.71,166.65,167.23,165.401941323935,54147079,0.0,1.0,1
2022-08-24,0.15552444,0.10550916,AAPL,167.32,168.11,166.245,167.53,165.698661902762,53841524,0.0,1.0,1
2022-08-25,0.12372923529411765,0.10052452941176471,AAPL,168.78,170.14,168.35,170.03,168.171333392984,51218209,0.0,1.0,0
2022-08-26,0.12471422580645161,0.07266016129032257,AAPL,170.57,171.05,163.56,163.62,161.831403692055,78960980,0.0,1.0,0
2022-08-29,0.103332175,0.061132200000000005,AAPL,161.145,162.9,159.82,161.38,159.615890036816,72724452,0.0,1.0,0
2022-08-30,0.06985394285714286,0.04619002857142857,AAPL,162.13,162.56,157.72,158.91,157.172890604476,77906197,0.0,1.0,0
2022-08-31,0.032857874999999995,-0.031480666666666664,AAPL,160.305,160.58,157.14,157.22,155.501364677086,87991091,0.0,1.0,1
2022-09-01,0.09668539024390244,0.05046490243902439,AAPL,156.64,158.42,154.67,157.96,156.233275438192,74229896,0.0,1.0,0
2022-09-02,0.09291179166666667,0.10300595833333333,AAPL,159.75,160.362,154.965,155.81,154.106777956601,76957768,0.0,1.0,0
2022-09-06,0.05476080555555555,0.11568788888888888,AAPL,156.47,157.09,153.69,154.53,152.840770153607,73295539,0.0,1.0,1
2022-09-07,0.09163966666666666,0.08580283333333333,AAPL,154.825,156.67,153.61,155.96,154.255138246014,87449574,0.0,1.0,0
2022-09-08,0.11772229268292683,0.10115253658536585,AAPL,154.64,156.36,152.68,154.46,152.771535351881,84923847,0.0,1.0,1
2022-09-09,0.15380644,0.12776472,AAPL,155.47,157.82,154.75,157.37,155.649724966499,68081006,0.0,1.0,1
2022-09-12,0.13588455555555556,0.14018519444444444,AAPL,159.59,164.26,159.3,163.43,161.643480658798,104955962,0.0,1.0,0
2022-09-13,0.13088747368421053,0.14767126315789472,AAPL,159.9,160.54,153.37,153.84,152.158312822306,122656614,0.0,1.0,1
2022-09-14,0.10026220833333332,0.09551679166666667,AAPL,154.785,157.1,153.6106,155.31,153.612243658556,87965409,0.0,1.0,0
2022-09-15,0.16693945454545453,0.18791163636363636,AAPL,154.65,155.24,151.38,152.37,150.704381986055,90481110,0.0,1.0,0
2022-09-16,0.11085727272727273,0.12843387878787876,AAPL,151.21,151.35,148.37,150.7,149.052637430587,162278841,0.0,1.0,1
2022-09-19,0.08906628125,0.055053125,AAPL,149.31,154.56,149.1,154.48,152.791316723803,81474246,0.0,1.0,1
2022-09-20,0.10664992499999999,0.1399362,AAPL,153.4,158.08,153.08,156.9,155.184862726338,107689796,0.0,1.0,0
2022-09-21,0.12742955555555555,0.12838122222222223,AAPL,157.34,158.74,153.6,153.72,152.039624590775,101696790,0.0,1.0,0
2022-09-22,0.0917351282051282,0.11208566666666667,AAPL,152.38,154.47,150.91,152.74,151.070337366608,86264792,0.0,1.0,0
2022-09-23,0.02539454166666667,0.06263108333333334,AAPL,151.19,151.47,148.56,150.43,148.785588909643,96029909,0.0,1.0,1
2022-09-26,0.0874570625,0.10034695833333333,AAPL,149.66,153.7701,149.64,150.77,149.121872232313,93339409,0.0,1.0,1
2022-09-27,0.1088553103448276,0.11666337931034483,AAPL,152.74,154.72,149.945,151.76,150.101050142441,84442741,0.0,1.0,0
2022-09-28,0.037003415094339624,0.02921309433962264,AAPL,147.64,150.6414,144.84,149.84,148.202038437951,146691387,0.0,1.0,0
2022-09-29,0.053477250000000004,0.009661149999999999,AAPL,146.1,146.72,140.68,142.48,140.922493570737,128138237,0.0,1.0,0
2022-09-30,-0.03832644186046512,-0.007201976744186046,AAPL,141.28,143.1,138.0,138.2,136.689279979477,124925274,0.0,1.0,1
2022-10-03,0.10287478048780488,0.05469326829268293,AAPL,138.21,143.07,137.685,142.45,140.892821512854,114311663,0.0,1.0,1
2022-10-04,0.13595623076923077,0.12421876923076923,AAPL,145.03,146.22,144.26,146.1,144.502921888578,87830064,0.0,1.0,1
2022-10-05,0.12451126829268294,0.11857556097560976,AAPL,144.075,147.38,143.01,146.4,144.799642467405,79470968,0.0,1.0,0
2022-10-06,0.09178486666666667,0.059796633333333335,AAPL,145.81,147.54,145.22,145.43,143.840245929199,68402169,0.0,1.0,0
2022-10-07,0.0759256857142857,0.12156159999999999,AAPL,142.54,143.1,139.445,140.09,138.558619626084,85925559,0.0,1.0,1
2022-10-10,0.05439827777777778,0.037165416666666666,AAPL,140.42,141.89,138.5729,140.42,138.885012262794,74899002,0.0,1.0,0
2022-10-11,0.06201527906976744,0.06009046511627907,AAPL,139.9,141.35,138.22,138.98,137.460753484426,77033672,0.0,1.0,0
2022-10-12,0.15220575,0.1110385,AAPL,139.13,140.36,138.16,138.34,136.827749582929,70433744,0.0,1.0,1
2022-10-13,0.09264529545454546,0.055611295454545455,AAPL,134.99,143.59,134.37,142.99,141.426918554742,113223975,0.0,1.0,0
2022-10-14,0.13401606896551724,0.13948696551724138,AAPL,144.31,144.52,138.19,138.38,136.867312326773,88597969,0.0,1.0,1
2022-10-17,0.10536756862745097,0.09765223529411765,AAPL,141.065,142.9,140.27,142.41,140.85325876901,85250939,0.0,1.0,1
2022-10-18,0.1398811,0.14743856,AAPL,145.49,146.7,140.61,143.75,142.17861068777,99136610,0.0,1.0,1
2022-10-19,0.05101157142857143,0.08362950000000001,AAPL,141.69,144.9492,141.5,143.86,142.287408233339,61758340,0.0,1.0,0
2022-10-20,0.0959231875,0.1206528125,AAPL,143.02,145.89,142.65,143.39,141.822545993178,64521989,0.0,1.0,1
2022-10-21,0.10131120930232558,0.06935193023255815,AAPL,142.87,147.8479,142.649,147.27,145.660132146002,86548609,0.0,1.0,1
2022-10-24,0.09552904,0.11772874,AAPL,147.185,150.23,146.0,149.45,147.816301685476,75981918,0.0,1.0,1
2022-10-25,0.121623,0.14594879166666666,AAPL,150.09,152.49,149.36,152.34,150.674709928173,74732290,0.0,1.0,0
2022-10-26,0.0884377380952381,0.10122469047619048,AAPL,150.96,151.99,148.04,149.35,147.717394825867,88436172,0.0,1.0,0
2022-10-27,0.059238226415094346,0.030034622641509433,AAPL,148.07,149.046,144.13,144.8,143.217132713663,109180150,0.0,1.0,1
2022-10-28,0.08796844927536232,0.1410564927536232,AAPL,148.2,157.5,147.82,155.74,154.037543154875,164762371,0.0,1.0,0
2022-10-31,0.11609284745762712,0.08504093220338983,AAPL,153.155,154.24,151.92,153.34,151.663778524261,97943171,0.0,1.0,0
2022-11-01,0.03836073076923077,-0.0004731153846153806,AAPL,155.08,155.45,149.13,150.65,149.003184000782,80379345,0.0,1.0,0
2022-11-02,0.04718446666666667,0.07876643333333333,AAPL,148.945,152.17,145.0,145.03,143.444618490763,93604623,0.0,1.0,0
2022-11-03,0.059146617647058815,0.09095411764705882,AAPL,142.06,142.8,138.75,138.88,137.361846624817,97918516,0.0,1.0,0
2022-11-04,0.07867788888888888,0.032877833333333335,AAPL,142.09,142.67,134.38,138.38,137.094798103873,140814796,0.23,1.0,1
2022-11-07,0.03352873584905661,0.011733867924528303,AAPL,137.11,139.145,135.671,138.92,137.629782863058,83374628,0.0,1.0,1
2022-11-08,0.0878307037037037,0.02173751851851852,AAPL,140.41,141.43,137.49,139.5,138.204396122924,89908477,0.0,1.0,0
2022-11-09,0.07027383720930232,0.035015581395348834,AAPL,138.5,138.55,134.5933,134.87,133.617397169167,74917794,0.0,1.0,1
2022-11-10,0.05799270212765958,0.048935638297872334,AAPL,141.24,146.87,139.5,146.87,145.50594737329,118854028,0.0,1.0,1
2022-11-11,0.07638178947368421,0.0908097105263158,AAPL,145.82,150.01,144.37,149.7,148.309663796429,93979665,0.0,1.0,0
2022-11-14,0.07766367567567567,0.07369483783783784,AAPL,148.97,150.28,147.43,148.28,146.902852022274,73374114,0.0,1.0,1
2022-11-15,0.11683923076923076,0.07223288461538462,AAPL,152.215,153.59,148.5613,150.04,148.646506052212,89868332,0.0,1.0,0
2022-11-16,0.1313903947368421,0.11889902631578948,AAPL,149.13,149.87,147.29,148.79,147.408115405949,64218266,0.0,1.0,1
2022-11-17,0.10712206896551724,0.08117962068965517,AAPL,146.43,151.48,146.15,150.72,149.320190563779,80389400,0.0,1.0,1
2022-11-18,0.14370216000000002,0.08101676,AAPL,152.305,152.7,149.97,151.29,149.884896698475,74829573,0.0,1.0,0
2022-11-21,0.0929426,0.12169811428571428,AAPL,150.16,150.37,147.715,148.01,146.635359642681,58724070,0.0,1.0,1
2022-11-22,0.15977996428571428,0.16659182142857146,AAPL,148.13,150.42,146.925,150.18,148.785205804593,51804132,0.0,1.0,1
2022-11-23,0.06503263636363636,0.07195842424242424,AAPL,149.45,151.83,149.34,151.07,149.666939944733,58301395,0.0,1.0,0
2022-11-25,0.0689049393939394,0.04874621212121212,AAPL,148.305,148.88,147.12,148.11,146.734430894382,35195860,0.0,1.0,0
2022-11-28,0.008817075757575756,-0.0037030000000000014,AAPL,145.14,146.64,143.38,144.22,142.880559203213,69346522,0.0,1.0,0
2022-11-29,0.05890732608695652,0.04922452173913043,AAPL,144.29,144.81,140.355,141.17,139.858886026331,83763803,0.0,1.0,1
2022-11-30,0.07449925,0.05095168181818182,AAPL,141.395,148.72,140.55,148.03,146.655173893021,111380880,0.0,1.0,1
2022-12-01,0.036453295454545454,-0.0013114318181818177,AAPL,148.21,149.13,146.61,148.31,146.932573397784,71250416,0.0,1.0,0
2022-12-02,0.1283051515151515,0.12259263636363635,AAPL,145.96,148.0,145.65,147.81,146.437217139279,65447446,0.0,1.0,0
2022-12-05,0.09598508333333333,0.06260361111111111,AAPL,147.77,150.9199,145.77,146.63,145.268176369207,68826442,0.0,1.0,0
2022-12-06,0.07736110416666667,0.03239914583333333,AAPL,147.075,147.3,141.92,142.91,141.582725805929,64727186,0.0,1.0,0
2022-12-07,0.07035593333333333,0.04417655555555556,AAPL,142.19,143.37,140.0,140.94,139.631022147419,69721094,0.0,1.0,1
2022-12-08,0.070024775,0.038301425,AAPL,142.36,143.52,141.1,142.65,141.325140551507,62128338,0.0,1.0,0
2022-12-09,0.1164016818181818,0.08431754545454545,AAPL,142.34,145.57,140.9,142.16,140.839691418172,76097011,0.0,1.0,1
2022-12-12,0.11504564,0.11268604,AAPL,142.7,144.5,141.06,144.49,143.148051582805,70462654,0.0,1.0,1
2022-12-13,0.12720368965517242,0.06840572413793104,AAPL,149.5,149.9692,144.24,145.47,144.118949849475,93886161,0.0,1.0,0
2022-12-14,0.12145,0.17758728571428573,AAPL,145.35,146.655,141.16,143.21,141.879939561032,82291182,0.0,1.0,0
2022-12-15,0.08100146153846154,0.07325973076923077,AAPL,141.11,141.8,136.025,136.5,135.232258571894,98931907,0.0,1.0,0
2022-12-16,0.06366147999999999,-0.006813480000000003,AAPL,136.685,137.65,133.73,134.51,133.260740663043,160156900,0.0,1.0,0
2022-12-19,0.06037577777777777,0.002402962962962964,AAPL,135.11,135.2,131.32,132.37,131.140615876642,79592614,0.0,1.0,0
2022-12-20,0.06650764285714286,0.015341035714285717,AAPL,131.39,133.25,129.89,132.3,131.071266000451,77432819,0.0,1.0,1
2022-12-21,0.14555510344827585,0.15227293103448275,AAPL,132.98,136.81,132.75,135.45,134.192010429033,85927993,0.0,1.0,0
2022-12-22,0.08305530769230769,0.03812476923076923,AAPL,134.352,134.56,130.3,132.23,131.00191612426,77852108,0.0,1.0,0
2022-12-23,0.1089899090909091,0.1305494090909091,AAPL,130.92,132.415,129.64,131.86,130.635352492966,63814893,0.0,1.0,0
2022-12-27,0.10971386486486487,0.09487537837837838,AAPL,131.38,131.41,128.72,130.03,128.822348586838,69007830,0.0,1.0,0
2022-12-28,0.07161889795918368,0.021391571428571426,AAPL,129.67,131.0275,125.87,126.04,124.869405643967,85438391,0.0,1.0,1
2022-12-29,0.046774756756756755,0.04923275675675676,AAPL,127.99,130.4814,127.73,129.61,128.406249329693,75703710,0.0,1.0,1
2022-12-30,0.10042277419354839,0.10204112903225807,AAPL,128.41,129.95,127.43,129.93,128.723277335137,77034209,0.0,1.0,0
2023-01-03,0.0854155625,0.023432375000000002,AAPL,130.28,130.9,124.17,125.07,123.908414502467,112117471,0.0,1.0,1
2023-01-04,0.0377286,0.012010490909090904,AAPL,126.89,128.6557,125.08,126.36,125.18643364941,89113633,0.0,1.0,0
2023-01-05,0.05661903125,0.011329375,AAPL,127.13,127.77,124.76,125.02,123.858878876617,80962708,0.0,1.0,1
2023-01-06,0.13683475,0.11367919444444444,AAPL,126.01,130.29,124.89,129.62,128.416156454864,87754715,0.0,1.0,1
2023-01-09,0.12070837142857142,0.06923648571428571,AAPL,130.465,133.41,129.89,130.15,128.941234088879,70790813,0.0,1.0,1
2023-01-10,0.1171106976744186,0.08905632558139535,AAPL,130.26,131.2636,128.12,130.73,129.515847348745,63896155,0.0,1.0,1
2023-01-11,0.0933910652173913,0.027186304347826085,AAPL,131.25,133.51,130.46,133.49,132.250213895693,69458949,0.0,1.0,0
2023-01-12,0.09245996774193548,0.1248456129032258,AAPL,133.88,134.26,131.44,133.41,132.170956894332,71379648,0.0,1.0,1
2023-01-13,0.14056209375,0.10364921875,AAPL,132.03,134.92,131.66,134.76,133.508418792296,57809719,0.0,1.0,1
2023-01-17,0.16243953125,0.15731965625,AAPL,134.83,137.29,134.13,135.94,134.677459562368,63646627,0.0,1.0,0
2023-01-18,0.12435608888888888,0.14390275555555554,AAPL,136.815,138.61,135.03,135.21,133.954239424951,69672800,0.0,1.0,1
2023-01-19,0.12726796153846154,0.11824657692307693,AAPL,134.08,136.25,133.77,135.27,134.013682175971,58280413,0.0,1.0,1
2023-01-20,0.1496748181818182,0.0974520303030303,AAPL,135.28,138.02,134.22,137.87,136.589534720198,80223626,0.0,1.0,1
2023-01-23,0.13209614893617022,0.09243025531914895,AAPL,138.12,143.315,137.9,141.11,139.799443275311,81760313,0.0,1.0,1
2023-01-24,0.13067823255813954,0.1317392558139535,AAPL,140.305,143.16,140.3,142.53,141.206255049465,66435142,0.0,1.0,0
2023-01-25,0.15855595238095238,0.13373219047619048,AAPL,140.89,142.43,138.81,141.86,140.542477663068,65799349,0.0,1.0,1
2023-01-26,0.16861914814814813,0.10134837037037038,AAPL,143.17,144.25,141.9,143.96,142.62297394879,54105068,0.0,1.0,1
2023-01-27,0.11437971428571428,0.07436232142857144,AAPL,143.155,147.23,143.08,145.93,144.5746776073,70555843,0.0,1.0,0
2023-01-30,0.07290782222222222,0.06617268888888889,AAPL,144.955,145.55,142.85,143.0,141.67188993246,64015274,0.0,1.0,1
2023-01-31,0.10012807500000001,0.058326899999999994,AAPL,142.7,144.34,142.28,144.29,142.949909079403,65874459,0.0,1.0,1
2023-02-01,0.11822271428571428,0.060595333333333334,AAPL,143.97,146.61,141.32,145.43,144.079321348795,77663633,0.0,1.0,1
2023-02-02,0.06014108510638298,0.06400776595744681,AAPL,148.9,151.18,148.17,150.82,149.41926181548,118338980,0.0,1.0,1
2023-02-03,0.08143519047619047,0.0479001746031746,AAPL,148.03,157.38,147.83,154.5,153.065083878078,154357337,0.0,1.0,0
2023-02-06,0.1328029393939394,0.07430312121212121,AAPL,152.575,153.1,150.78,151.73,150.320810205959,69858306,0.0,1.0,1
2023-02-07,0.09892360975609757,0.03539363414634146,AAPL,150.64,155.23,150.64,154.65,153.213690755629,83322551,0.0,1.0,0
2023-02-08,0.13601968749999999,0.10592971875,AAPL,153.88,154.58,151.168,151.92,150.509045584191,64120079,0.0,1.0,0
2023-02-09,0.1284716111111111,0.040537333333333335,AAPL,153.775,154.33,150.42,150.87,149.468797441331,56007143,0.0,1.0,1
2023-02-10,0.1509678,0.10165326666666667,AAPL,149.46,151.3401,149.22,151.01,149.835361072624,57450708,0.23,1.0,1
2023-02-13,0.17781070833333334,0.1778245833333333,AAPL,150.952,154.26,150.92,153.85,152.653269988896,62199013,0.0,1.0,0
2023-02-14,0.11479473333333333,0.08861506666666667,AAPL,152.12,153.77,150.86,153.2,152.008326046792,61707573,0.0,1.0,1
2023-02-15,0.1430384090909091,0.18167468181818183,AAPL,153.11,155.5,152.88,155.33,154.121757733996,65669252,0.0,1.0,0
2023-02-16,0.10522256,0.07364988,AAPL,153.51,156.33,153.3475,153.71,152.514358985982,68167942,0.0,1.0,0
2023-02-17,0.1502296875,0.13186225000000001,AAPL,152.35,153.0,150.85,152.55,151.363382104687,59144118,0.0,1.0,0
2023-02-21,0.14678094736842107,0.057308842105263165,AAPL,150.2,151.3,148.405,148.48,147.325040805664,58867230,0.0,1.0,1
2023-02-22,0.10026584210526317,0.03317905263157894,AAPL,148.87,149.95,147.16,148.91,147.751696028902,51011305,0.0,1.0,1
2023-02-23,0.13727480952380952,0.12942166666666668,AAPL,150.09,150.34,147.24,149.4,148.237884539104,48394249,0.0,1.0,0
2023-02-24,0.11843595238095238,0.020709333333333333,AAPL,147.11,147.19,145.7202,146.71,145.56880884024,55469606,0.0,1.0,1
2023-02-27,0.15959013333333333,0.14354203333333335,AAPL,147.71,149.17,147.45,147.92,146.769396794004,44998470,0.0,1.0,0
2023-02-28,0.10962906451612903,0.0647892258064516,AAPL,147.05,149.08,146.83,147.41,146.263363854815,50546998,0.0,1.0,0
2023-03-01,0.10077823999999999,0.07451008,AAPL,146.83,147.2285,145.01,145.31,144.179698811092,55478991,0.0,1.0,1
2023-03-02,0.12153533333333333,0.09834308333333334,AAPL,144.38,146.71,143.9,145.91,144.775031680727,52279761,0.0,1.0,1
2023-03-03,0.11374385294117646,0.06760276470588235,AAPL,148.045,151.11,147.33,151.03,149.855205501612,70732297,0.0,1.0,1
2023-03-06,0.1895367435897436,0.2111473846153846,AAPL,153.785,156.3,153.46,153.83,152.633425559909,87558028,0.0,1.0,0
2023-03-07,0.14501173333333334,0.15911096666666666,AAPL,153.7,154.0299,151.13,151.6,150.420771727765,56182028,0.0,1.0,1
2023-03-08,0.10930586363636365,0.1151501818181818,AAPL,152.81,153.47,151.83,152.87,151.680892968493,47204791,0.0,1.0,0
2023-03-09,0.13860903030303032,0.13042084848484847,AAPL,153.559,154.535,150.225,150.59,149.41862806388,53833582,0.0,1.0,0
2023-03-10,0.1064375,0.163966,AAPL,150.21,150.94,147.6096,148.5,147.344885234651,68572400,0.0,1.0,1
2023-03-13,0.15436033333333332,0.18146380952380953,AAPL,147.805,153.14,147.7,150.47,149.299561489953,84457122,0.0,1.0,1
2023-03-14,0.1219795,0.1168285,AAPL,151.28,153.4,150.1,152.59,151.403070962663,73695893,0.0,1.0,1
2023-03-15,0.1518244,0.1596569,AAPL,151.19,153.245,149.92,152.99,151.79995954242,77167866,0.0,1.0,1
2023-03-16,0.09781182499999999,0.155786125,AAPL,152.16,156.46,151.64,155.85,154.63771288768,76254419,0.0,1.0,0
2023-03-17,0.17081536842105263,0.1610884736842105,AAPL,156.08,156.74,154.28,155.0,153.794324655697,98944633,0.0,1.0,1
2023-03-20,0.1067784705882353,0.07890041176470589,AAPL,155.07,157.82,154.15,157.4,156.175656134237,73641415,0.0,1.0,1
2023-03-21,0.19148536,0.17924755999999997,AAPL,157.32,159.4,156.54,159.28,158.041032459093,73938285,0.0,1.0,0
2023-03-22,0.15829995652173912,0.11817621739130436,AAPL,159.3,162.14,157.81,157.83,156.602311357475,75701811,0.0,1.0,1
2023-03-23,0.13366188571428572,0.170658,AAPL,158.83,161.5501,157.68,158.93,157.693754951806,67622060,0.0,1.0,1
2023-03-24,0.16553843333333335,0.16923916666666666,AAPL,158.86,160.34,157.85,160.25,159.003487265003,59256343,0.0,1.0,0
2023-03-27,0.13012533333333332,0.06762644444444443,AAPL,159.94,160.77,157.87,158.28,157.048811009701,52390266,0.0,1.0,0
2023-03-28,0.11877952777777777,0.061011083333333334,AAPL,157.97,158.49,155.98,157.65,156.423711496584,45992152,0.0,1.0,1
2023-03-29,0.14279287096774193,0.10291464516129033,AAPL,159.37,161.05,159.35,160.77,159.519442418686,51305691,0.0,1.0,1
2023-03-30,0.12384638709677419,0.10279761290322581,AAPL,161.53,162.47,161.271,162.36,161.097074523219,49501689,0.0,1.0,1
2023-03-31,0.16376148275862068,0.16835168965517242,AAPL,162.44,165.0,161.91,164.9,163.617317004673,68749792,0.0,1.0,1
2023-04-03,0.14572705263157895,0.15467881578947368,AAPL,164.27,166.29,164.22,166.17,164.877438245401,56976187,0.0,1.0,0
2023-04-04,0.12969709677419355,0.08760803225806452,AAPL,166.595,166.84,165.11,165.63,164.341638662729,46278295,0.0,1.0,0
2023-04-05,0.10639982051282051,0.11009951282051282,AAPL,164.74,165.05,161.8,163.76,162.486184552367,51511744,0.0,1.0,1
2023-04-06,0.08468551851851852,0.04566377777777778,AAPL,162.43,164.9584,162.0,164.66,163.379183856819,45390123,0.0,1.0,0
2023-04-10,0.06468877419354838,-0.01773990322580645,AAPL,161.42,162.03,160.08,162.03,160.76964144492,47716882,0.0,1.0,0
2023-04-11,0.10409523529411766,0.07391385294117647,AAPL,162.35,162.36,160.51,160.8,159.549209062168,47644217,0.0,1.0,0
2023-04-12,0.12585917391304347,0.12194426086956522,AAPL,161.22,162.06,159.78,160.1,158.854654047594,50133062,0.0,1.0,1
2023-04-13,0.09961427272727273,0.08402478787878788,AAPL,161.63,165.8,161.42,165.56,164.272183161272,68445649,0.0,1.0,0
2023-04-14,0.14752795,0.16536275,AAPL,164.59,166.32,163.82,165.21,163.924905653985,49386480,0.0,1.0,1
2023-04-17,0.13275985365853657,0.15532112195121953,AAPL,165.09,165.39,164.03,165.23,163.944750082973,40713618,0.0,1.0,1
2023-04-18,0.13786974193548387,0.16111864516129032,AAPL,166.1,167.41,165.65,166.47,165.175104680218,49923008,0.0,1.0,1
2023-04-19,0.16007627027027027,0.12195402702702701,AAPL,165.8,168.16,165.54,167.63,166.326081561513,47720166,0.0,1.0,0
2023-04-20,0.10653524137931035,0.09033655172413793,AAPL,166.09,167.87,165.56,166.65,165.353704541109,52456377,0.0,1.0,0
2023-04-21,0.138710625,0.16288420833333334,AAPL,165.05,166.4521,164.49,165.02,163.7363835786,58337341,0.0,1.0,1
2023-04-24,0.10471013793103448,0.10339106896551724,AAPL,165.0,165.6,163.89,165.33,164.043972227912,41949581,0.0,1.0,0
2023-04-25,0.12281672413793104,0.09031996551724139,AAPL,165.19,166.305,163.73,163.77,162.496106766861,48714063,0.0,1.0,0
2023-04-26,0.16626895454545454,0.14440768181818184,AAPL,163.055,165.28,162.8,163.76,162.486184552367,44105745,0.0,1.0,1
2023-04-27,0.14543211764705882,0.12468299999999999,AAPL,165.19,168.56,165.19,168.41,167.100014292038,64902329,0.0,1.0,1
2023-04-28,0.1355134,0.0970804,AAPL,168.49,169.85,167.8801,169.68,168.360135532765,55275851,0.0,1.0,0
2023-05-01,0.09535802941176472,0.08896417647058824,AAPL,169.28,170.45,168.64,169.59,168.27083560232,52472936,0.0,1.0,0
2023-05-02,0.14176726666666667,0.18095116666666666,AAPL,170.09,170.35,167.54,168.54,167.229003080459,48425696,0.0,1.0,0
2023-05-03,0.0682280303030303,0.08332200000000001,AAPL,169.5,170.92,167.16,167.45,166.147481700622,65136018,0.0,1.0,0
2023-05-04,0.043682056603773584,0.048526,AAPL,164.89,167.04,164.31,165.79,164.500394094632,81235427,0.0,1.0,1
2023-05-05,0.13734411864406781,0.1722620847457627,AAPL,170.975,174.3,170.76,173.57,172.219876970899,113453171,0.0,1.0,0
2023-05-08,0.10941405714285715,0.1975646857142857,AAPL,172.48,173.85,172.11,173.5,172.150421469441,55962793,0.0,1.0,0
2023-05-09,0.16937028571428572,0.13719232142857143,AAPL,173.05,173.54,171.6,171.77,170.433878361994,45326874,0.0,1.0,1
2023-05-10,0.16775428571428572,0.10059333333333334,AAPL,173.02,174.03,171.9,173.555,172.204993649158,53724501,0.0,1.0,1
2023-05-11,0.14273319047619046,0.0984777142857143,AAPL,173.85,174.59,172.17,173.75,172.398476831789,49514676,0.0,1.0,0
2023-05-12,0.11784554545454545,0.09144590909090909,AAPL,173.62,174.06,171.0,172.57,171.465788669361,45533138,0.24,1.0,0
2023-05-15,0.15799712903225804,0.10320854838709677,AAPL,173.16,173.21,171.47,172.07,170.968987983641,37266659,0.0,1.0,0
2023-05-16,0.13392428571428572,0.12626345714285714,AAPL,171.99,173.1383,171.7991,172.07,170.968987983641,42110293,0.0,1.0,1
2023-05-17,0.14439178260869565,0.11807091304347826,AAPL,171.71,172.925,170.4201,172.69,171.585020833934,57951604,0.0,1.0,1
2023-05-18,0.21358063636363636,0.14957996969696968,AAPL,173.0,175.24,172.58,175.05,173.929920070532,65496657,0.0,1.0,1
2023-05-19,0.16370827027027027,0.12462391891891893,AAPL,176.39,176.39,174.94,175.16,174.03921622139,55809475,0.0,1.0,0
2023-05-22,0.13428489655172413,0.09864496551724139,AAPL,173.98,174.71,173.45,174.2,173.085358904808,43570932,0.0,1.0,0
2023-05-23,0.1671182258064516,0.14960748387096776,AAPL,173.13,173.3794,171.275,171.56,170.462251284207,50747263,0.0,1.0,1
2023-05-24,0.16593252,0.15608344000000002,AAPL,171.09,172.4183,170.52,171.84,170.74045966821,45143488,0.0,1.0,1
2023-05-25,0.12495099999999999,0.12710875,AAPL,172.41,173.895,171.69,172.99,171.883101245366,56058258,0.0,1.0,1
2023-05-26,0.16644837037037039,0.14742637037037037,AAPL,173.32,175.77,173.11,175.43,174.307488591679,54834975,0.0,1.0,1
2023-05-30,0.15440612195121953,0.09015265853658537,AAPL,176.96,178.99,176.57,177.3,176.165523156271,55964401,0.0,1.0,0
2023-05-31,0.16170926086956522,0.1126004347826087,AAPL,177.325,179.35,176.76,177.25,176.115843087699,99313268,0.0,1.0,1
2023-06-01,0.1735687142857143,0.11050685714285714,AAPL,177.7,180.12,176.9306,180.09,178.937670982588,68901809,0.0,1.0,1
2023-06-02,0.13901355263157894,0.1333267894736842,AAPL,181.03,181.78,179.26,180.95,179.792168162026,61996913,0.0,1.0,0
2023-06-05,0.17309969811320755,0.15770460377358492,AAPL,182.63,184.951,178.035,179.58,178.430934283154,121946497,0.0,1.0,0
2023-06-06,0.15145218644067798,0.1751428305084746,AAPL,179.965,180.12,177.43,179.21,178.063301775721,64848374,0.0,1.0,0
2023-06-07,0.1907548222222222,0.19586522222222225,AAPL,178.44,181.21,177.32,177.82,176.68219586942,61944615,0.0,1.0,1
2023-06-08,0.19732318918918917,0.1696705135135135,AAPL,177.895,180.84,177.46,180.57,179.414599640879,50214881,0.0,1.0,1
2023-06-09,0.18718394285714285,0.16608254285714286,AAPL,181.5,182.23,180.63,180.96,179.802104175741,48899973,0.0,1.0,1
2023-06-12,0.1850051153846154,0.14392019230769232,AAPL,181.27,183.89,180.97,183.79,182.613996056915,54754995,0.0,1.0,0
2023-06-13,0.17469428571428572,0.1750750857142857,AAPL,182.8,184.15,182.44,183.31,182.137067398624,54929129,0.0,1.0,1
2023-06-14,0.17637266666666668,0.13598285185185185,AAPL,183.37,184.39,182.02,183.95,182.772972276346,57462882,0.0,1.0,1
2023-06-15,0.2081188,0.19544092,AAPL,183.96,186.52,183.78,186.01,184.819791101511,65433166,0.0,1.0,0
2023-06-16,0.16219933333333333,0.17497138095238093,AAPL,186.73,186.99,184.27,184.92,183.736765606642,101256225,0.0,1.0,1
2023-06-20,0.16288907142857142,0.13286546428571427,AAPL,184.41,186.1,184.41,185.01,183.826189730072,49799092,0.0,1.0,0
2023-06-21,0.15964552,0.15953808,AAPL,184.9,185.41,182.5901,183.96,182.78290829006,49515697,0.0,1.0,1
2023-06-22,0.16165140476190476,0.15180188095238095,AAPL,183.74,187.045,183.67,187.0,185.803456459237,51245327,0.0,1.0,0
2023-06-23,0.16354741935483869,0.2150053870967742,AAPL,185.55,187.56,185.01,186.68,185.485504020376,53116996,0.0,1.0,0
2023-06-26,0.15306212903225805,0.12898951612903226,AAPL,186.83,188.05,185.23,185.27,184.084526086646,48088661,0.0,1.0,1
2023-06-27,0.11115526086956522,0.10385921739130434,AAPL,185.89,188.39,185.67,188.06,186.856673912963,50730846,0.0,1.0,1
2023-06-28,0.1686968,0.1681252666666667,AAPL,187.93,189.9,187.6,189.25,188.039059544976,51216801,0.0,1.0,1
2023-06-29,0.1435306875,0.1194435,AAPL,189.08,190.07,188.94,189.59,188.376884011266,46347308,0.0,1.0,1
2023-06-30,0.1605021,0.15136566,AAPL,191.63,194.48,191.26,193.97,192.728858018172,85213216,0.0,1.0,0
2023-07-03,0.19599964444444445,0.18407648888888886,AAPL,193.78,193.88,191.76,192.46,191.228519947298,31458198,0.0,1.0,0
2023-07-05,0.16993834146341463,0.16478875609756097,AAPL,191.565,192.98,190.62,191.33,190.105750397571,46920261,0.0,1.0,1
2023-07-06,0.16502178260869566,0.1333546086956522,AAPL,189.84,192.02,189.2,191.81,190.582679055862,45156009,0.0,1.0,0
2023-07-07,0.14852152777777777,0.11558202777777778,AAPL,191.41,192.67,190.24,190.68,189.459909506135,46814998,0.0,1.0,0
2023-07-10,0.16638858823529412,0.052999882352941174,AAPL,189.26,189.99,187.035,188.61,187.403154667255,59922163,0.0,1.0,0
2023-07-11,0.15341673076923076,0.10857042307692308,AAPL,189.16,189.3,186.6,188.08,186.876545940392,46638119,0.0,1.0,1
2023-07-12,0.14830795833333335,0.12279545833333333,AAPL,189.68,191.7,188.47,189.77,188.555732258125,60750248,0.0,1.0,1
2023-07-13,0.16748186666666667,0.12224689999999999,AAPL,190.5,191.19,189.78,190.54,189.320805314134,41342338,0.0,1.0,1
2023-07-14,0.18479072413793105,0.11662410344827587,AAPL,190.23,191.1799,189.63,190.69,189.46984551985,41616242,0.0,1.0,1
2023-07-17,0.16898167857142857,0.1577467142857143,AAPL,191.9,194.32,191.81,193.99,192.748730045601,50520159,0.0,1.0,0
2023-07-18,0.15337915384615386,0.15199738461538462,AAPL,193.35,194.33,192.415,193.73,192.490393689026,48353774,0.0,1.0,1
2023-07-19,0.1324220303030303,0.07360818181818181,AAPL,193.1,198.23,192.65,195.1,193.851627567899,80507323,0.0,1.0,0
2023-07-20,0.13963294594594594,0.13246597297297297,AAPL,195.09,196.47,192.495,193.13,191.894232866163,59581196,0.0,1.0,0
2023-07-21,0.18683480000000002,0.11176303333333333,AAPL,194.1,194.97,191.23,191.94,190.711847234149,71951683,0.0,1.0,1
2023-07-24,0.12725225806451612,0.12792867741935485,AAPL,193.41,194.91,192.25,192.75,191.516664345015,45505097,0.0,1.0,1
2023-07-25,0.16574274193548386,0.150764935483871,AAPL,193.33,194.44,192.915,193.62,192.381097538168,37283201,0.0,1.0,1
2023-07-26,0.19835544444444445,0.16391477777777777,AAPL,193.67,195.64,193.32,194.5,193.255466745035,47471868,0.0,1.0,0
2023-07-27,0.1846507037037037,0.12923248148148148,AAPL,196.02,197.2,192.55,193.22,191.983656989592,47460180,0.0,1.0,1
2023-07-28,0.13507197297297296,0.12335821621621622,AAPL,194.67,196.626,194.14,195.83,194.57695656905,48291443,0.0,1.0,1
2023-07-31,0.13271014634146341,0.051841829268292686,AAPL,196.06,196.49,195.26,196.45,195.192989419343,38824113,0.0,1.0,0
2023-08-01,0.14800144117647057,0.11087044117647059,AAPL,196.235,196.73,195.28,195.605,194.353396260476,35281426,0.0,1.0,0
2023-08-02,0.1604505263157895,0.15743260526315792,AAPL,195.04,195.18,191.8507,192.58,191.347752111871,50389327,0.0,1.0,0
2023-08-03,0.09661843137254901,0.07669819607843138,AAPL,191.57,192.37,190.69,191.17,189.946774178141,62243282,0.0,1.0,0
2023-08-04,0.111310953125,0.08803125,AAPL,185.52,187.38,181.92,181.99,180.825513588324,115956841,0.0,1.0,0
2023-08-07,0.09252278947368421,0.1020223947368421,AAPL,182.13,183.13,177.35,178.85,177.705605282003,97576069,0.0,1.0,1
2023-08-08,0.14666375675675675,0.1543448108108108,AAPL,179.69,180.27,177.58,179.8,178.649526584871,67823003,0.0,1.0,0
2023-08-09,0.1043943448275862,0.0839416551724138,AAPL,180.87,180.93,177.01,178.19,177.049828376852,60378492,0.0,1.0,0
2023-08-10,0.1715173846153846,0.08238107692307692,AAPL,179.48,180.75,177.6,177.97,176.831236075136,54686851,0.0,1.0,1
2023-08-11,0.16588829629629628,0.13096522222222223,AAPL,177.32,178.62,176.55,177.79,176.890852157422,52036672,0.24,1.0,1
2023-08-14,0.10945084,0.0709126,AAPL,177.97,179.69,177.305,179.46,178.552406368024,43675627,0.0,1.0,0
2023-08-15,0.16374658823529412,0.06914085294117646,AAPL,178.88,179.48,177.05,177.45,176.552571659455,43622593,0.0,1.0,0
2023-08-16,0.17793353846153848,0.163176,AAPL,177.13,178.54,176.5,176.57,175.677022135306,46964857,0.0,1.0,0
2023-08-17,0.16734186206896554,0.1409575172413793,AAPL,177.14,177.5054,173.48,174.0,173.120019547733,66062882,0.0,1.0,1
2023-08-18,0.117214,0.07503302702702702,AAPL,172.3,175.1,171.96,174.49,173.607541441862,61172150,0.0,1.0,1
2023-08-21,0.12757196551724137,0.10652206896551725,AAPL,175.07,176.13,173.735,175.84,174.950714007318,46311879,0.0,1.0,1
2023-08-22,0.18208674074074074,0.12471818518518518,AAPL,177.06,177.68,176.25,177.23,176.333684278418,42084245,0.0,1.0,1
2023-08-23,0.20105907407407406,0.20047548148148148,AAPL,178.52,181.55,178.325,181.12,180.204011152215,52722752,0.0,1.0,0
2023-08-24,0.1608285641025641,0.14686379487179485,AAPL,180.674,181.104,176.01,176.38,175.487983033501,54945798,0.0,1.0,1
2023-08-25,0.1253894090909091,0.0829330909090909,AAPL,177.38,179.15,175.82,178.61,177.706705123107,51449594,0.0,1.0,1
2023-08-28,0.11615826086956522,0.01310395652173913,AAPL,180.09,180.59,178.545,180.19,179.278714496012,43820697,0.0,1.0,1
2023-08-29,0.18059525925925926,0.1311721851851852,AAPL,179.695,184.9,179.5,184.12,183.188839075452,53003948,0.0,1.0,1
2023-08-30,0.15427674358974358,0.147768,AAPL,184.94,187.85,184.74,187.65,186.70098659846,60813888,0.0,1.0,1
2023-08-31,0.1874670833333333,0.15683779166666667,AAPL,187.84,189.12,187.48,187.87,186.919873979498,60794467,0.0,1.0,1
2023-09-01,0.15907824137931034,0.13683372413793105,AAPL,189.485,189.92,188.28,189.46,188.501832778813,45766503,0.0,1.0,1
2023-09-05,0.1477357777777778,0.1395141388888889,AAPL,188.28,189.98,187.61,189.7,188.740619012672,45280027,0.0,1.0,0
2023-09-06,0.10393108695652174,0.05269586956521739,AAPL,188.4,188.85,181.47,182.91,181.984958479746,81755816,0.0,1.0,0
2023-09-07,0.03720166666666667,-0.027877526315789474,AAPL,175.18,178.21,173.54,177.56,176.662015349974,112488803,0.0,1.0,1
2023-09-08,0.10162904615384616,0.021051507692307694,AAPL,178.35,180.239,177.79,178.18,177.278879787443,65602066,0.0,1.0,1
2023-09-11,0.14281284782608694,0.08130502173913044,AAPL,180.07,180.3,177.34,179.36,178.452912103916,58953052,0.0,1.0,0
2023-09-12,0.1736468620689655,0.1728840459770115,AAPL,179.49,180.13,174.82,176.3,175.408387622215,90370192,0.0,1.0,0
2023-09-13,0.13135688235294118,0.12610898529411765,AAPL,176.51,177.3,173.98,174.21,173.32895750236,84267928,0.0,1.0,1
2023-09-14,0.11806162222222222,0.10352248888888889,AAPL,174.0,176.1,173.58,175.74,174.85121974321,60895757,0.0,1.0,0
2023-09-15,0.1680413,0.1451607,AAPL,176.48,176.495,173.82,175.01,174.124911615223,109259461,0.0,1.0,1
2023-09-18,0.16243661764705883,0.1648735882352941,AAPL,176.48,179.38,176.17,177.97,177.069941832816,67257573,0.0,1.0,1
2023-09-19,0.1469800357142857,0.13129260714285715,AAPL,177.52,179.63,177.13,179.07,178.164378738003,51826941,0.0,1.0,0
2023-09-20,0.15898777419354837,0.09834835483870968,AAPL,179.26,179.695,175.4,175.49,174.602484082941,58436181,0.0,1.0,0
2023-09-21,0.13057616666666666,0.07269979166666667,AAPL,174.55,176.3,173.86,173.93,173.050373562857,63149116,0.0,1.0,1
2023-09-22,0.13171673684210528,0.13926465789473683,AAPL,174.67,177.079,174.05,174.79,173.906024234185,56725385,0.0,1.0,1
2023-09-25,0.15402720512820514,0.16171815384615384,AAPL,174.2,176.97,174.15,176.08,175.189500241177,46172740,0.0,1.0,0
2023-09-26,0.14558748648648648,0.13021056756756755,AAPL,174.82,175.2,171.66,171.96,171.090336559932,64588945,0.0,1.0,0
2023-09-27,0.14979608333333333,0.11606,AAPL,172.62,173.04,169.05,170.43,169.568074319081,66921808,0.0,1.0,1
2023-09-28,0.18257078571428573,0.13413614285714287,AAPL,169.34,172.03,167.62,170.69,169.826759405762,56294419,0.0,1.0,1
2023-09-29,0.15940017857142857,0.09544949999999999,AAPL,172.02,173.07,170.341,171.21,170.344129579123,51861083,0.0,1.0,1
2023-10-02,0.20433837931034482,0.12535806896551724,AAPL,171.22,174.3,170.93,173.75,172.871283887463,52164535,0.0,1.0,0
2023-10-03,0.12908942857142858,0.15657528571428572,AAPL,172.255,173.63,170.82,172.4,171.528111322007,49594613,0.0,1.0,1
2023-10-04,0.10900682352941177,0.05686985294117647,AAPL,171.09,174.21,170.97,173.66,172.781739049766,53020286,0.0,1.0,1
2023-10-05,0.1978888620689655,0.1508069655172414,AAPL,173.79,175.45,172.68,174.91,174.025417351115,48527918,0.0,1.0,1
2023-10-06,0.12588557692307692,0.09184538461538462,AAPL,173.8,177.99,173.18,177.49,176.592369365098,57266675,0.0,1.0,1
2023-10-09,0.17697220689655174,0.1257658275862069,AAPL,176.81,179.05,175.8,178.99,178.084783326717,42390772,0.0,1.0,0
2023-10-10,0.18128432142857145,0.108746,AAPL,178.1,179.72,177.95,178.39,177.487817742069,43698019,0.0,1.0,1
2023-10-11,0.18858406666666666,0.12269893333333333,AAPL,178.2,179.85,177.6,179.8,178.890686865991,47551098,0.0,1.0,1
2023-10-12,0.10236595652173912,0.07615686956521739,AAPL,180.07,182.34,179.04,180.71,179.796084669373,56743119,0.0,1.0,0
2023-10-13,0.17941415384615383,0.19862611538461536,AAPL,181.42,181.93,178.14,178.85,177.945491356966,51456082,0.0,1.0,0
2023-10-16,0.1385007857142857,0.07852116666666667,AAPL,176.75,179.075,176.51,178.72,177.816148813626,52516984,0.0,1.0,0
2023-10-17,0.17490280645161288,0.1442876451612903,AAPL,176.645,178.42,174.8,177.15,176.254088867132,57549350,0.0,1.0,0
2023-10-18,0.1440918484848485,0.07240521212121212,AAPL,175.58,177.575,175.11,175.84,174.950714007318,54764375,0.0,1.0,0
2023-10-19,0.15527275,0.0926690625,AAPL,176.04,177.84,175.19,175.46,174.572635803708,59302863,0.0,1.0,0
2023-10-20,0.13917215384615383,0.06103734615384615,AAPL,175.31,175.42,172.64,172.88,172.005683789725,64244028,0.0,1.0,1
2023-10-23,0.15296474193548387,0.06964525806451612,AAPL,170.91,174.01,169.93,173.0,172.125076906654,55980109,0.0,1.0,1
2023-10-24,0.17332036666666667,0.1193467,AAPL,173.05,173.67,171.45,173.44,172.562851668729,43816644,0.0,1.0,0
2023-10-25,0.1296859756097561,0.09271741463414634,AAPL,171.88,173.06,170.65,171.1,170.234685888604,57156962,0.0,1.0,0
2023-10-26,0.1758181875,0.107842875,AAPL,170.37,171.3775,165.67,166.89,166.045977369662,70625258,0.0,1.0,1
2023-10-27,0.126860675,0.05108445,AAPL,166.91,168.96,166.83,168.22,167.369251082297,58499129,0.0,1.0,1
2023-10-30,0.11959254166666666,0.09876527083333332,AAPL,169.02,171.17,168.87,170.29,169.42878234933,51130955,0.0,1.0,1
2023-10-31,0.18308873170731707,0.14894639024390244,AAPL,169.35,170.9,167.9,170.77,169.906354817048,44846017,0.0,1.0,1
2023-11-01,0.12611986666666666,0.1382229,AAPL,171.0,174.23,170.12,173.97,173.090171268501,56934906,0.0,1.0,1
2023-11-02,0.13892011363636364,0.14208575,AAPL,175.52,177.78,175.46,177.57,176.671964776385,77334752,0.0,1.0,0
2023-11-03,0.16806745283018867,0.1346146603773585,AAPL,174.24,176.82,173.35,176.65,175.756617546592,79829246,0.0,1.0,1
2023-11-06,0.1715828857142857,0.10045982857142857,AAPL,176.38,179.43,176.21,179.23,178.323569560576,63841310,0.0,1.0,1
2023-11-07,0.16068533333333335,0.09971355555555556,AAPL,179.18,182.44,178.97,181.82,180.90047100097,70529966,0.0,1.0,1
2023-11-08,0.1905565,0.15595325,AAPL,182.35,183.45,181.59,182.89,181.965059626925,49340282,0.0,1.0,0
2023-11-09,0.16020792857142857,0.10573732142857142,AAPL,182.96,184.12,181.81,182.41,181.487487159207,53763540,0.0,1.0,1
2023-11-10,0.1478353611111111,0.12612666666666666,AAPL,183.97,186.565,183.53,186.4,185.696094530971,66177922,0.24,1.0,0
2023-11-13,0.17825676923076922,0.12329853846153846,AAPL,185.82,186.03,184.21,184.8,184.102136638001,43627519,0.0,1.0,1
2023-11-14,0.1543552,0.11614329999999999,AAPL,187.7,188.11,186.3,187.44,186.732167161401,60108378,0.0,1.0,1
2023-11-15,0.18900805882352942,0.11586041176470588,AAPL,187.845,189.5,187.78,188.01,187.300014660771,53790499,0.0,1.0,1
2023-11-16,0.1845814090909091,0.1490230909090909,AAPL,189.57,190.96,188.65,189.71,188.993594922052,54412915,0.0,1.0,0
2023-11-17,0.15075317142857142,0.13577397142857142,AAPL,190.25,190.38,188.57,189.69,188.97367044839,50941404,0.0,1.0,1
2023-11-20,0.1511244,0.0994602,AAPL,189.89,191.905,189.88,191.45,190.727024130656,46538614,0.0,1.0,0
2023-11-21,0.1421384,0.08745660000000001,AAPL,191.41,191.52,189.74,190.64,189.92008294734,38134485,0.0,1.0,1
2023-11-22,0.16521531818181817,0.06988918181818181,AAPL,191.49,192.93,190.825,191.31,190.587552815021,39630011,0.0,1.0,0
2023-11-24,0.19476896666666665,0.20632789999999998,AAPL,190.87,190.9,189.25,189.97,189.252613079659,24048344,0.0,1.0,0
2023-11-27,0.1550332608695652,0.07081517391304348,AAPL,189.92,190.67,188.9,189.79,189.0732928167,40552609,0.0,1.0,1
2023-11-28,0.2242579090909091,0.1624605,AAPL,189.78,191.08,189.4,190.4,189.680989263395,38415419,0.0,1.0,0
2023-11-29,0.16856693749999999,0.12352509375,AAPL,190.9,192.09,188.97,189.37,188.654878869796,43014224,0.0,1.0,1
2023-11-30,0.1479472580645161,0.0641234193548387,AAPL,189.84,190.32,188.19,189.95,189.232688605997,48794366,0.0,1.0,1
2023-12-01,0.18304365517241378,0.13955272413793104,AAPL,190.33,191.56,189.23,191.24,190.517817157204,45704823,0.0,1.0,0
2023-12-04,0.21534871428571428,0.17424722857142858,AAPL,189.98,190.05,187.4511,189.43,188.714652290782,43389519,0.0,1.0,1
2023-12-05,0.1740470322580645,0.1431578387096774,AAPL,190.21,194.4,190.18,193.42,192.689584786375,66628398,0.0,1.0,0
2023-12-06,0.18492267857142858,0.1715517142857143,AAPL,194.45,194.76,192.11,192.32,191.593738734959,40895115,0.0,1.0,1
2023-12-07,0.1813760625,0.16102453125,AAPL,193.63,195.0,193.59,194.27,193.536374917015,47477655,0.0,1.0,1
2023-12-08,0.17200070967741937,0.16644735483870968,AAPL,194.2,195.99,193.67,195.71,194.970937020688,53406358,0.0,1.0,0
2023-12-11,0.18877689285714286,0.14298871428571427,AAPL,193.11,193.49,191.42,193.18,192.45049110243,60943699,0.0,1.0,1
2023-12-12,0.18471575862068965,0.1188754827586207,AAPL,193.08,194.72,191.721,194.71,193.974713337582,52696900,0.0,1.0,1
2023-12-13,0.150688775,0.152647975,AAPL,195.09,198.0,194.85,197.96,197.212440307677,70404183,0.0,1.0,1
2023-12-14,0.184192,0.1574899393939394,AAPL,198.02,199.62,196.16,198.11,197.361873860143,66831572,0.0,1.0,0
2023-12-15,0.21970383999999998,0.1439124,AAPL,197.53,198.3999,197.0,197.57,196.823913071265,128538401,0.0,1.0,0
2023-12-18,0.19084496428571426,0.14139239285714286,AAPL,196.09,196.63,194.39,195.89,195.150257283647,55751861,0.0,1.0,1
2023-12-19,0.157395,0.10676186842105262,AAPL,196.16,196.95,195.89,196.94,196.196292150909,40233138,0.0,1.0,0
2023-12-20,0.18141592592592592,0.1678697037037037,AAPL,196.9,197.68,194.83,194.83,194.094260179555,52242815,0.0,1.0,0
2023-12-21,0.18757716216216216,0.11109981081081081,AAPL,196.1,197.08,193.5,194.68,193.944826627089,46482549,0.0,1.0,0
2023-12-22,0.16980244827586208,0.13530658620689656,AAPL,195.18,195.41,192.97,193.6,192.868905049334,37149570,0.0,1.0,0
2023-12-26,0.12869516,0.10919696,AAPL,193.61,193.89,192.83,193.05,192.320982023626,28919310,0.0,1.0,1
2023-12-27,0.1413412,0.03369402857142857,AAPL,192.49,193.5,191.09,193.15,192.420604391937,47899806,0.0,1.0,1
2023-12-28,0.17962875862068967,0.15063586206896554,AAPL,194.14,194.66,193.17,193.58,192.848980575672,34049898,0.0,1.0,0
2023-12-29,0.19719539285714285,0.14246799999999998,AAPL,193.9,194.4,191.725,192.53,191.802945708411,42672148,0.0,1.0,0
2024-01-02,0.14040858823529412,0.04976320588235294,AAPL,187.15,188.44,183.885,185.64,184.93896453181,82488674,0.0,1.0,0
2024-01-03,0.13824759523809524,0.14133388095238097,AAPL,184.22,185.88,183.43,184.25,183.554213612293,58414460,0.0,1.0,0
2024-01-04,0.1446066857142857,0.092094,AAPL,182.15,183.0872,180.88,181.91,181.223050193824,71983570,0.0,1.0,0
2024-01-05,0.154946575,0.088056775,AAPL,181.99,182.76,180.17,181.18,180.495806905157,62196924,0.0,1.0,1
2024-01-08,0.20130551219512197,0.18348158536585368,AAPL,182.085,185.6,181.5,185.56,184.859266637162,59144470,0.0,1.0,0
2024-01-09,0.16293768181818183,0.14180122727272726,AAPL,183.92,185.15,182.73,185.14,184.440852690257,42841809,0.0,1.0,1
2024-01-10,0.177851,0.1138194,AAPL,184.35,186.4,183.92,186.19,185.486887557518,46792908,0.0,1.0,0
2024-01-11,0.17932436363636364,0.1488384090909091,AAPL,186.54,187.05,183.62,185.59,184.889153347655,49128408,0.0,1.0,1
2024-01-12,0.16132878947368423,0.149452,AAPL,186.06,186.74,185.19,185.92,185.21790716308,40477782,0.0,1.0,0
2024-01-16,0.1435236,0.11459037142857142,AAPL,182.16,184.26,180.934,183.63,182.936554928767,65603041,0.0,1.0,0
2024-01-17,0.17532958974358975,0.17128410256410256,AAPL,181.27,182.93,180.3,182.68,181.990142429816,47317433,0.0,1.0,1
2024-01-18,0.14986676744186045,0.18286676744186048,AAPL,186.09,189.14,185.83,188.63,187.917673344297,78005754,0.0,1.0,1
2024-01-19,0.15182670270270268,0.10939513513513514,AAPL,189.33,191.95,188.82,191.56,190.836608735798,68902985,0.0,1.0,1
2024-01-22,0.19875197560975608,0.1857009756097561,AAPL,192.3,195.33,192.26,193.89,193.157809917435,60133852,0.0,1.0,1
2024-01-23,0.19582751351351352,0.16718764864864866,AAPL,195.02,195.75,193.8299,195.18,194.442938468642,42355590,0.0,1.0,0
2024-01-24,0.177659,0.1456013947368421,AAPL,195.42,196.38,194.34,194.5,193.76550636413,53463269,0.0,1.0,0
2024-01-25,0.17927562857142856,0.17729654285714286,AAPL,195.22,196.2675,193.1125,194.17,193.436752548705,54822126,0.0,1.0,0
2024-01-26,0.18496813333333334,0.11795043333333334,AAPL,194.27,194.76,191.94,192.42,191.693361103269,44594011,0.0,1.0,0
2024-01-29,0.1601351568627451,0.12680033333333332,AAPL,192.01,192.2,189.58,191.73,191.005966761926,47145622,0.0,1.0,0
2024-01-30,0.16783503125000002,0.14211378125,AAPL,190.94,191.8,187.47,188.04,187.329901371265,55859370,0.0,1.0,0
2024-01-31,0.15912933333333334,0.14966236363636362,AAPL,187.04,187.095,184.35,184.4,183.703647164759,55467803,0.0,1.0,1
2024-02-01,0.14608015094339621,0.1352210566037736,AAPL,183.985,186.95,183.82,186.86,186.154357425199,64885408,0.0,1.0,0
2024-02-02,0.15591220408163264,0.1347628775510204,AAPL,179.86,187.33,179.25,185.85,185.148171505262,102551680,0.0,1.0,1
2024-02-05,0.1882283947368421,0.21284844736842104,AAPL,188.15,189.25,185.84,187.68,186.971260845346,69668820,0.0,1.0,1
2024-02-06,0.2165285,0.2168806923076923,AAPL,186.86,189.31,186.7695,189.3,188.585143211978,43490759,0.0,1.0,1
2024-02-07,0.1707007222222222,0.16706794444444442,AAPL,190.64,191.05,188.61,189.41,188.69472781712,53438955,0.0,1.0,0
2024-02-08,0.1727577142857143,0.17279782857142859,AAPL,189.385,189.535,187.35,188.32,187.608844002534,40962046,0.0,1.0,1
2024-02-09,0.18137251724137932,0.1555621724137931,AAPL,188.65,189.99,188.0,188.85,188.375936238526,45155216,0.24,1.0,0
2024-02-12,0.17939431818181817,0.12454513636363637,AAPL,188.415,188.67,186.79,187.15,186.680203690972,41781934,0.0,1.0,0
2024-02-13,0.13610403703703702,0.15137403703703706,AAPL,185.77,186.21,183.5128,185.04,184.575500352538,56529529,0.0,1.0,0
2024-02-14,0.15463491304347826,0.15649282608695653,AAPL,185.32,185.53,182.44,184.15,183.687734489407,54630517,0.0,1.0,0
2024-02-15,0.15094168181818182,0.0705050909090909,AAPL,183.55,184.49,181.35,183.86,183.398462466589,65434496,0.0,1.0,0
2024-02-16,0.14569517391304349,0.07736121739130435,AAPL,183.42,184.85,181.665,182.31,181.852353379114,49752465,0.0,1.0,0
2024-02-20,0.18978520833333334,0.14211479166666666,AAPL,181.79,182.43,180.0,181.56,181.104236078723,53665553,0.0,1.0,1
2024-02-21,0.1509603103448276,0.10998796551724138,AAPL,181.94,182.8888,180.66,182.32,181.862328276453,41529674,0.0,1.0,1
2024-02-22,0.1911787692307692,0.12051369230769231,AAPL,183.48,184.955,182.46,184.37,183.907182230855,52292208,0.0,1.0,0
2024-02-23,0.1864558064516129,0.13020845161290323,AAPL,185.01,185.04,182.23,182.52,182.061826223224,45119677,0.0,1.0,0
2024-02-26,0.18328575,0.12003844444444445,AAPL,182.24,182.76,180.65,181.16,180.705240185181,40867421,0.0,1.0,1
2024-02-27,0.17906725,0.107503375,AAPL,181.1,183.9225,179.56,182.63,182.171550093948,54318851,0.0,1.0,0
2024-02-28,0.15441988095238096,0.14007569047619048,AAPL,182.51,183.12,180.13,181.42,180.964587515983,48953939,0.0,1.0,0
2024-02-29,0.15146623529411765,0.08649823529411764,AAPL,181.27,182.57,179.53,180.75,180.2962693943,136682597,0.0,1.0,0
2024-03-01,0.20219757142857142,0.1525163142857143,AAPL,179.55,180.53,177.38,179.66,179.209005584398,73563082,0.0,1.0,0
2024-03-04,0.16488907142857143,0.1294377142857143,AAPL,176.15,176.9,173.79,175.1,174.660452398019,81510101,0.0,1.0,0
2024-03-05,0.1210741081081081,0.043073864864864864,AAPL,170.76,172.04,169.62,170.12,169.692953523421,95132355,0.0,1.0,0
2024-03-06,0.11109186363636364,0.08161777272727272,AAPL,171.06,171.24,168.68,169.12,168.695463789566,68587707,0.0,1.0,0
2024-03-07,0.14660267857142856,0.09567496428571429,AAPL,169.15,170.73,168.49,169.0,168.575765021503,71765061,0.0,1.0,1
2024-03-08,0.1882929090909091,0.11476518181818181,AAPL,169.0,173.7,168.94,170.73,170.301422261072,76267041,0.0,1.0,1
2024-03-11,0.21985565384615385,0.16124842307692305,AAPL,172.94,174.38,172.05,172.75,172.31635152346,58929918,0.0,1.0,1
2024-03-12,0.17296561904761903,0.19945414285714286,AAPL,173.15,174.03,171.01,173.23,172.79514659571,59544927,0.0,1.0,0
2024-03-13,0.17962721739130436,0.154614,AAPL,172.77,173.185,170.76,171.13,170.700418154615,51948951,0.0,1.0,1
2024-03-14,0.17239056000000003,0.1329292,AAPL,172.91,174.3078,172.05,173.0,172.565723956923,72571635,0.0,1.0,0
2024-03-15,0.17688281818181817,0.07928368181818182,AAPL,171.17,172.62,170.285,172.62,172.186677858059,121752699,0.0,1.0,1
2024-03-18,0.1881747222222222,0.12887530555555554,AAPL,175.57,177.71,173.52,173.72,173.283916565299,75604184,0.0,1.0,1
2024-03-19,0.16553942105263159,0.1718528157894737,AAPL,174.34,176.605,173.03,176.08,175.637992337197,55215244,0.0,1.0,1
2024-03-20,0.1556645172413793,0.008114000000000003,AAPL,175.72,178.67,175.09,178.67,178.221490747882,53423102,0.0,1.0,0
2024-03-21,0.12176913207547169,0.029776207547169812,AAPL,177.05,177.49,170.84,171.37,170.93981569074,106181270,0.0,1.0,1
2024-03-22,0.12927763636363634,0.05501165909090908,AAPL,171.76,173.05,170.06,172.28,171.847531348548,71160138,0.0,1.0,0
2024-03-25,0.1624244761904762,0.09097899999999999,AAPL,170.565,171.94,169.45,170.85,170.421121029135,54288328,0.0,1.0,0
2024-03-26,0.18734610714285713,0.14405585714285715,AAPL,170.0,171.42,169.58,169.71,169.28398273254,57388449,0.0,1.0,1
2024-03-27,0.14896151612903225,0.11938651612903227,AAPL,170.41,173.6,170.11,173.31,172.874945774419,60273265,0.0,1.0,0
2024-03-28,0.18770173333333334,0.09508353333333333,AAPL,171.75,172.23,170.51,171.48,171.049539561464,65672690,0.0,1.0,0
2024-04-01,0.22496626315789475,0.15384826315789474,AAPL,171.19,171.25,169.475,170.03,169.603179447374,43772506,0.0,1.0,0
2024-04-02,0.17481285,0.085207,AAPL,169.08,169.34,168.2302,168.84,168.416166664086,49013991,0.0,1.0,1
2024-04-03,0.13576411111111109,0.063756,AAPL,168.79,170.68,168.58,169.65,169.224133348509,45571129,0.0,1.0,0
2024-04-04,0.1669275882352941,0.10335435294117647,AAPL,170.29,171.92,168.82,168.82,168.396216869409,53355055,0.0,1.0,1
2024-04-05,0.13669984210526318,0.12860557894736843,AAPL,169.59,170.39,168.95,169.58,169.154309067139,41975776,0.0,1.0,0
2024-04-08,0.16223844999999998,0.1204319,AAPL,169.03,169.2,168.24,168.45,168.027145667883,37216858,0.0,1.0,1
2024-04-09,0.17394563999999998,0.11245568,AAPL,168.7,170.08,168.35,169.67,169.244083143186,42231444,0.0,1.0,0
2024-04-10,0.19041406451612902,0.1427797741935484,AAPL,168.8,169.09,167.11,167.78,167.3588275462,49709336,0.0,1.0,1
2024-04-11,0.09779477142857143,0.06939017142857143,AAPL,168.34,175.46,168.16,175.04,174.600603013988,91070275,0.0,1.0,1
2024-04-12,0.164494875,0.144881125,AAPL,174.26,178.36,174.21,176.55,176.106812512109,101670886,0.0,1.0,0
2024-04-15,0.1359086,0.0773526,AAPL,175.36,176.63,172.5,172.69,172.256502139428,73531773,0.0,1.0,0
2024-04-16,0.16070980952380953,0.14981852380952382,AAPL,171.75,173.76,168.27,169.38,168.954811120368,73711235,0.0,1.0,0
2024-04-17,0.15240231818181818,0.11060386363636364,AAPL,169.61,170.65,168.0,168.0,167.578275287648,50901210,0.0,1.0,0
2024-04-18,0.10982711764705881,0.02655694117647059,AAPL,168.03,168.64,166.55,167.04,166.620685143147,43122903,0.0,1.0,0
2024-04-19,0.15642671428571428,0.10201860714285715,AAPL,166.21,166.4,164.075,165.0,164.585806086083,68149377,0.0,1.0,1
2024-04-22,0.11941955882352942,0.05940547058823529,AAPL,165.515,167.26,164.77,165.84,165.423697462521,48116443,0.0,1.0,1
2024-04-23,0.16310186363636364,0.09896040909090908,AAPL,165.35,167.05,164.92,166.9,166.481036580408,49537761,0.0,1.0,1
2024-04-24,0.1542478,0.07872944,AAPL,166.54,169.3,166.21,169.02,168.59571481618,48251835,0.0,1.0,1
2024-04-25,0.20548019047619046,0.12035604761904763,AAPL,169.525,170.61,168.1511,169.89,169.463530884634,50558329,0.0,1.0,0
2024-04-26,0.1660561923076923,0.0828791923076923,AAPL,169.88,171.34,169.18,169.3,168.87501194166,44838354,0.0,1.0,1
2024-04-29,0.17729389743589744,0.13639312820512822,AAPL,173.37,176.03,173.1,173.5,173.064468823851,68169419,0.0,1.0,0
2024-04-30,0.15521616666666668,0.11111795833333334,AAPL,173.33,174.99,170.0,170.33,169.90242636753,65934776,0.0,1.0,0
2024-05-01,0.16020774074074073,0.0804587037037037,AAPL,169.58,172.705,169.11,169.3,168.87501194166,50383147,0.0,1.0,1
2024-05-02,0.12963544444444444,0.07358537037037037,AAPL,172.51,173.415,170.89,173.03,172.595648648939,94214915,0.0,1.0,1
2024-05-03,0.187988625,0.200226984375,AAPL,186.645,187.0,182.66,183.38,182.919667394339,163224109,0.0,1.0,0
2024-05-06,0.16501545,0.1552818,AAPL,182.354,184.2,180.42,181.71,181.253859538801,78569667,0.0,1.0,1
2024-05-07,0.1844861875,0.1208193125,AAPL,183.45,184.9,181.32,182.4,181.942127455161,77305771,0.0,1.0,1
2024-05-08,0.18088917647058822,0.16599123529411766,AAPL,182.85,183.07,181.45,182.74,182.281273964672,45057087,0.0,1.0,1
2024-05-09,0.15263268181818182,0.1147543181818182,AAPL,182.56,184.66,182.11,184.57,184.106680177626,48982972,0.0,1.0,0
2024-05-10,0.20063582142857145,0.14953567857142858,AAPL,184.9,185.09,182.13,183.05,182.83986821563,50759496,0.25,1.0,1
2024-05-13,0.16016214285714286,0.11166314285714286,AAPL,185.435,187.1,184.62,186.28,186.066160345303,72044809,0.0,1.0,1
2024-05-14,0.18651814285714285,0.11719433333333333,AAPL,187.51,188.3,186.29,187.43,187.214840205712,52393619,0.0,1.0,1
2024-05-15,0.1764477619047619,0.0630002857142857,AAPL,187.91,190.65,187.37,189.72,189.502211406006,70399988,0.0,1.0,1
2024-05-16,0.18330195238095237,0.02724561904761905,AAPL,190.47,191.095,189.6601,189.84,189.62207365231,52845230,0.0,1.0,1
2024-05-17,0.20638094117647057,0.14027552941176472,AAPL,189.51,190.81,189.18,189.87,189.652039213886,41282925,0.0,1.0,1
2024-05-20,0.20471313888888887,0.13959972222222222,AAPL,189.325,191.9199,189.01,191.04,190.820696115346,44361275,0.0,1.0,1
2024-05-21,0.1669715833333333,0.113595875,AAPL,191.09,192.73,190.9201,192.35,192.12919230416,42309401,0.0,1.0,0
2024-05-22,0.18813103571428572,0.08403010714285715,AAPL,192.265,192.8231,190.27,190.9,190.680856827992,34648547,0.0,1.0,0
2024-05-23,0.181574,0.15395273076923077,AAPL,190.98,191.0,186.625,186.88,186.665471576821,51005924,0.0,1.0,1
2024-05-24,0.18371233333333334,0.15662171428571428,AAPL,188.82,190.58,188.0404,189.98,189.761912939664,36326975,0.0,1.0,1
2024-05-28,0.19932673076923077,0.19659315384615386,AAPL,191.51,193.0,189.1,189.99,189.771901460189,52280051,0.0,1.0,1
2024-05-29,0.18616033333333332,0.1424958148148148,AAPL,189.61,192.247,189.51,190.29,190.071557075948,53068016,0.0,1.0,1
2024-05-30,0.15608946666666668,0.11088270000000001,AAPL,190.76,192.18,190.63,191.29,191.070409128478,49947941,0.0,1.0,1
2024-05-31,0.15422324999999998,0.1316058,AAPL,191.44,192.57,189.91,192.25,192.029307098907,75158277,0.0,1.0,1
2024-06-03,0.20193136363636366,0.1340465909090909,AAPL,192.9,194.99,192.52,194.03,193.807263752411,50080539,0.0,1.0,1
2024-06-04,0.20488312,0.1589446,AAPL,194.635,195.32,193.0342,194.35,194.12689640922,47471445,0.0,1.0,1
2024-06-05,0.19670239130434783,0.165902,AAPL,195.4,196.9,194.87,195.87,195.645151529066,54156785,0.0,1.0,0
2024-06-06,0.1902595588235294,0.1618541470588235,AAPL,195.685,196.5,194.17,194.48,194.256747176049,41181753,0.0,1.0,1
2024-06-07,0.19992367741935482,0.1398063870967742,AAPL,194.65,196.94,194.14,196.89,196.663980622647,53103912,0.0,1.0,0
2024-06-10,0.2300109111111111,0.2065477111111111,AAPL,196.9,197.3,192.15,193.12,192.898308384608,97262077,0.0,1.0,1
2024-06-11,0.19418219642857143,0.21438439285714286,AAPL,193.65,207.16,193.63,207.15,206.912202681605,172373296,0.0,1.0,1
2024-06-12,0.19123729310344828,0.20921763793103448,AAPL,207.37,220.2,206.9,213.07,212.825406832583,198134293,0.0,1.0,1
2024-06-13,0.21884177777777777,0.20065108333333334,AAPL,214.74,216.75,211.6,214.24,213.994063734044,97862729,0.0,1.0,0
2024-06-14,0.18160674999999998,0.16501965,AAPL,213.85,215.17,211.3,212.49,212.246072642116,70122748,0.0,1.0,1
2024-06-17,0.2147158857142857,0.18241305714285716,AAPL,213.37,218.95,212.72,216.67,216.421274221692,93728300,0.0,1.0,0
2024-06-18,0.2177161,0.202064275,AAPL,217.59,218.63,213.0,214.29,214.04400633667,79943254,0.0,1.0,0
2024-06-20,0.21101843589743588,0.16441951282051281,AAPL,213.93,214.24,208.85,209.68,209.439298374506,86172451,0.0,1.0,0
2024-06-21,0.1919435588235294,0.10480282352941177,AAPL,210.39,211.89,207.11,207.49,207.251812379466,246421353,0.0,1.0,1
2024-06-24,0.184213875,0.16147109375,AAPL,207.72,212.7,206.59,208.14,207.90106621361,80727006,0.0,1.0,1
2024-06-25,0.18735125,0.1298458125,AAPL,209.15,211.38,208.61,209.07,208.829998622463,56713868,0.0,1.0,1
2024-06-26,0.22292737931034484,0.19593844827586207,AAPL,211.5,214.86,210.64,213.25,213.005200202039,66213186,0.0,1.0,1
2024-06-27,0.22336754545454546,0.14200072727272728,AAPL,214.69,215.7395,212.35,214.1,213.854224446689,49772707,0.0,1.0,0
2024-06-28,0.20576833333333333,0.1879998095238095,AAPL,215.77,216.07,210.3,210.62,210.378219303885,82542718,0.0,1.0,1
2024-07-01,0.18149065,0.14234145,AAPL,212.09,217.51,211.92,216.75,216.501182385894,60402929,0.0,1.0,1
2024-07-02,0.21746809677419354,0.2113022258064516,AAPL,216.15,220.38,215.1,220.27,220.0171416108,58046178,0.0,1.0,1
2024-07-03,0.2808335,0.23706220833333333,AAPL,220.0,221.55,219.03,221.55,221.295672238038,37369801,0.0,1.0,1
2024-07-05,0.20959156666666667,0.13190133333333334,AAPL,221.65,226.45,221.65,226.34,226.080173569657,60412408,0.0,1.0,1
2024-07-08,0.19385012,0.18272316,AAPL,227.09,227.85,223.25,227.82,227.558474607402,59085861,0.0,1.0,1
2024-07-09,0.22010252173913042,0.12531682608695652,AAPL,227.93,229.4,226.3721,228.68,228.417487372578,48169822,0.0,1.0,1
2024-07-10,0.20419848387096776,0.17322235483870968,AAPL,229.3,233.08,229.25,232.98,232.712551198457,62627687,0.0,1.0,0
2024-07-11,0.19437462962962965,0.1412532962962963,AAPL,231.39,232.39,225.77,227.57,227.308761594269,64710617,0.0,1.0,1
2024-07-12,0.17579825,0.1685993,AAPL,228.92,232.64,228.68,230.54,230.275352190284,53046527,0.0,1.0,1
2024-07-15,0.23395972,0.15911536,AAPL,236.48,237.23,233.09,234.4,234.13092111305,62631252,0.0,1.0,1
2024-07-16,0.22046785185185186,0.1629410740740741,AAPL,235.0,236.27,232.33,234.82,234.550438975112,43234278,0.0,1.0,0
2024-07-17,0.19801816666666666,0.08888586666666667,AAPL,229.45,231.4599,226.64,228.88,228.617257783084,57345884,0.0,1.0,0
2024-07-18,0.2187899090909091,0.17621531818181818,AAPL,230.28,230.44,222.27,224.18,223.922653136193,66034585,0.0,1.0,1
2024-07-19,0.23804604545454547,0.14131486363636364,AAPL,224.82,226.8,223.275,224.31,224.052503903021,49151453,0.0,1.0,0
2024-07-22,0.21123940000000002,0.1599679,AAPL,227.01,227.78,223.09,223.96,223.702905684636,48201835,0.0,1.0,1
2024-07-23,0.21016553846153846,0.17693073076923077,AAPL,224.365,226.94,222.68,225.01,224.751700339792,39960260,0.0,1.0,0
2024-07-24,0.18688259259259257,0.15765518518518518,AAPL,224.0,224.8,217.13,218.54,218.289127559923,61777576,0.0,1.0,0
2024-07-25,0.17238641379310346,0.09265644827586207,AAPL,218.93,220.85,214.62,217.49,217.240332904766,51391199,0.0,1.0,1
2024-07-26,0.1830989677419355,0.10815093548387097,AAPL,218.7,219.49,216.01,217.96,217.709793369455,41601345,0.0,1.0,1
2024-07-29,0.16065107317073168,0.0999219756097561,AAPL,216.96,219.3,215.75,218.24,217.989471944164,36311778,0.0,1.0,1
2024-07-30,0.17039277419354837,0.15870374193548387,AAPL,219.19,220.325,216.12,218.8,218.548829093581,41643840,0.0,1.0,1
2024-07-31,0.14674176,0.10917928,AAPL,221.44,223.82,220.63,222.08,221.825063825879,50036262,0.0,1.0,0
2024-08-01,0.21085625,0.19986314285714285,AAPL,224.37,224.48,217.02,218.36,218.109334190467,62500996,0.0,1.0,1
2024-08-02,0.17325960606060606,0.20855927272727273,AAPL,219.15,225.6,217.71,219.86,219.607612269263,105568560,0.0,1.0,0
2024-08-05,0.07011728,0.12602412000000002,AAPL,199.09,213.5,196.0,209.27,209.029769032969,119548589,0.0,1.0,0
2024-08-06,0.06869507999999999,0.047192279999999996,AAPL,205.3,209.99,201.07,207.23,206.992110845808,69660488,0.0,1.0,1
2024-08-07,0.17013257142857144,0.11524623809523808,AAPL,206.9,213.64,206.39,209.82,209.579137661861,63516417,0.0,1.0,1
2024-08-08,0.1533243076923077,0.07596580769230768,AAPL,213.11,214.2,208.83,213.31,213.065131325191,47161149,0.0,1.0,1
2024-08-09,0.2003588,0.0721059,AAPL,212.1,216.78,211.97,216.24,215.991767839104,42201646,0.0,1.0,1
2024-08-12,0.17243970588235294,0.13991776470588235,AAPL,216.07,219.5099,215.6,217.53,217.53,38028092,0.25,1.0,1
2024-08-13,0.23144964285714287,0.2600642857142857,AAPL,219.01,221.89,219.01,221.27,221.27,44155331,0.0,1.0,1
2024-08-14,0.15410153846153846,0.1279433076923077,AAPL,220.57,223.03,219.7,221.72,221.72,41960574,0.0,1.0,1
2024-08-15,0.2160570588235294,0.18007294117647057,AAPL,224.6,225.35,222.76,224.72,224.72,46414013,0.0,1.0,1
2024-08-16,0.19864600000000002,0.12502413333333334,AAPL,223.92,226.8271,223.6501,226.05,226.05,44340240,0.0,1.0,0
2024-08-19,0.22155129411764707,0.17019264705882353,AAPL,225.72,225.99,223.04,225.89,225.89,40687813,0.0,1.0,1
2024-08-20,0.21037153846153847,0.09040215384615384,AAPL,225.77,227.17,225.45,226.51,226.51,30299033,0.0,1.0,0
2024-08-21,0.2000255833333333,0.14822858333333333,AAPL,226.52,227.98,225.05,226.4,226.4,34765480,0.0,1.0,0
2024-08-22,0.1984725625,0.11106675,AAPL,227.79,228.34,223.9,224.53,224.53,43695321,0.0,1.0,1
2024-08-23,0.17413945454545454,0.1754630909090909,AAPL,225.6589,228.22,224.33,226.84,226.84,38677250,0.0,1.0,1
2024-08-26,0.21800142105263157,0.19383673684210528,AAPL,226.76,227.28,223.8905,227.18,227.18,30602208,0.0,1.0,1
2024-08-27,0.20951641666666668,0.12548854166666668,AAPL,225.995,228.85,224.89,228.03,228.03,35934559,0.0,1.0,0
2024-08-28,0.22303032258064517,0.11921490322580645,AAPL,227.92,229.86,225.68,226.49,226.49,38052167,0.0,1.0,1
2024-08-29,0.23098430769230768,0.16206046153846154,AAPL,230.1,232.92,228.88,229.79,229.79,51906297,0.0,1.0,0
2024-08-30,0.23271516666666667,0.18809455555555557,AAPL,230.19,230.4,227.48,229.0,229.0,52990770,0.0,1.0,0
2024-09-03,0.21064646153846153,0.08442584615384616,AAPL,228.55,229.0,221.17,222.77,222.77,50190574,0.0,1.0,0
2024-09-04,0.17983146153846155,0.1362063076923077,AAPL,221.66,221.78,217.48,220.85,220.85,43262758,0.0,1.0,1
2024-09-05,0.2265555625,0.1588605625,AAPL,221.625,225.48,221.52,222.38,222.38,36615398,0.0,1.0,0
2024-09-06,0.20733591666666665,0.17510341666666665,AAPL,223.95,225.24,219.77,220.82,220.82,48423011,0.0,1.0,1
2024-09-09,0.21721433333333331,0.17950381818181818,AAPL,220.82,221.27,216.71,220.91,220.91,67179965,0.0,1.0,0
2024-09-10,0.20595124324324324,0.18859632432432433,AAPL,218.92,221.48,216.73,220.11,220.11,51591033,0.0,1.0,1
2024-09-11,0.1924132857142857,0.1561202857142857,AAPL,221.455,223.09,217.89,222.66,222.66,44587072,0.0,1.0,1
2024-09-12,0.2153550909090909,0.23072772727272728,AAPL,222.5,223.55,219.82,222.77,222.77,37498225,0.0,1.0,0
2024-09-13,0.21751916666666665,0.16992922222222223,AAPL,223.58,224.04,221.91,222.5,222.5,36766619,0.0,1.0,0
2024-09-16,0.19570265217391303,0.1011325652173913,AAPL,216.54,217.22,213.92,216.32,216.32,59357427,0.0,1.0,1
2024-09-17,0.1914059,0.1260384,AAPL,215.75,216.9,214.5,216.79,216.79,45519339,0.0,1.0,1
2024-09-18,0.2243648181818182,0.2113514090909091,AAPL,217.55,222.71,217.54,220.69,220.69,59894928,0.0,1.0,1
2024-09-19,0.19278613333333333,0.12279906666666666,AAPL,224.99,229.82,224.63,228.87,228.87,66781315,0.0,1.0,0
2024-09-20,0.1925140714285714,0.16224657142857143,AAPL,229.97,233.09,227.62,228.2,228.2,318679888,0.0,1.0,0
2024-09-23,0.16183323529411764,0.056456294117647056,AAPL,227.34,229.45,225.81,226.47,226.47,54146023,0.0,1.0,1
2024-09-24,0.2234996153846154,0.21474646153846152,AAPL,228.645,229.35,225.73,227.37,227.37,43556068,0.0,1.0,0
2024-09-25,0.14136876470588233,0.09532241176470589,AAPL,224.93,227.29,224.02,226.37,226.37,42308715,0.0,1.0,1
2024-09-26,0.26870808333333335,0.20385616666666664,AAPL,227.3,228.5,225.41,227.52,227.52,36636707,0.0,1.0,1
2024-09-27,0.22068353846153846,0.13630315384615385,AAPL,228.46,229.52,227.3,227.79,227.79,34025967,0.0,1.0,1
2024-09-30,0.1941978666666667,0.13241266666666665,AAPL,230.04,233.0,229.65,233.0,233.0,54793391,0.0,1.0,0
2024-10-01,0.19205947826086955,0.10987526086956521,AAPL,229.52,229.65,223.74,226.21,226.21,63285048,0.0,1.0,1
2024-10-02,0.1929745,0.16345294444444447,AAPL,225.89,227.37,223.02,226.78,226.78,32880605,0.0,1.0,0
2024-10-03,0.19138992857142859,0.08304714285714286,AAPL,225.14,226.805,223.32,225.67,225.67,34044158,0.0,1.0,1
2024-10-04,0.17795776923076925,0.12613015384615384,AAPL,227.9,228.0,224.13,226.8,226.8,37345098,0.0,1.0,0
2024-10-07,0.17822766666666667,0.040029555555555554,AAPL,224.5,225.69,221.33,221.69,221.69,39505354,0.0,1.0,1
2024-10-08,0.1994018846153846,0.16484507692307693,AAPL,224.3,225.98,223.25,225.77,225.77,31855693,0.0,1.0,1
2024-10-09,0.2023750588235294,0.13074388235294118,AAPL,225.23,229.75,224.83,229.54,229.54,33591091,0.0,1.0,0
2024-10-10,0.14845239999999998,0.1376363,AAPL,227.78,229.5,227.17,229.04,229.04,28183544,0.0,1.0,0
2024-10-11,0.2160049,0.21166739999999998,AAPL,229.3,229.41,227.34,227.55,227.55,31759188,0.0,1.0,1
2024-10-14,0.23508336842105262,0.1507092105263158,AAPL,228.7,231.73,228.6,231.3,231.3,39882085,0.0,1.0,1
2024-10-15,0.21044944444444444,0.12825411111111112,AAPL,233.61,237.49,232.37,233.85,233.85,64751367,0.0,1.0,0
2024-10-16,0.20292699999999997,0.10430413636363638,AAPL,231.6,232.12,229.84,231.78,231.78,34082240,0.0,1.0,1
2024-10-17,0.23134922727272728,0.18524004545454548,AAPL,233.43,233.85,230.52,232.15,232.15,32993810,0.0,1.0,1
2024-10-18,0.19620975000000002,0.12331865,AAPL,236.18,236.18,234.01,235.0,235.0,46431472,0.0,1.0,1
2024-10-21,0.2269526956521739,0.19594756521739132,AAPL,234.45,236.85,234.45,236.48,236.48,36254470,0.0,1.0,0
2024-10-22,0.2058665789473684,0.16355768421052633,AAPL,233.885,236.22,232.6,235.86,235.86,38846578,0.0,1.0,0
2024-10-23,0.18289959259259259,0.08732318518518518,AAPL,234.08,235.144,227.76,230.76,230.76,52286979,0.0,1.0,0
2024-10-24,0.18562116666666667,0.1221958888888889,AAPL,229.98,230.82,228.41,230.57,230.57,31109503,0.0,1.0,1
2024-10-25,0.2472175,0.19105409090909092,AAPL,229.74,233.22,229.57,231.41,231.41,38802304,0.0,1.0,1
2024-10-28,0.21932330555555557,0.1731728888888889,AAPL,233.32,234.73,232.55,233.4,233.4,36087134,0.0,1.0,1
2024-10-29,0.2371191,0.20584805,AAPL,233.1,234.325,232.32,233.67,233.67,35417247,0.0,1.0,0
2024-10-30,0.20210847826086958,0.09865865217391305,AAPL,232.61,233.47,229.55,230.1,230.1,47070907,0.0,1.0,0
2024-10-31,0.19983373333333335,0.14083466666666666,AAPL,229.34,229.83,225.37,225.91,225.91,64370086,0.0,1.0,0
2024-11-01,0.19419644444444445,0.16900218518518517,AAPL,220.965,225.35,220.27,222.91,222.91,65276741,0.0,1.0,0
